Customer_ID,Age,Income,Loan_Amount,Credit_Score,Loan_Term,Default_Status
CUST0001,58,69319,14436,361,23,Yes
CUST0002,25,131280,36896,332,295,Yes
CUST0003,19,116741,48117,477,311,Yes
CUST0004,65,115317,33621,815,174,Yes
CUST0005,35,60306,13898,464,124,Yes
CUST0006,33,33624,10548,311,99,No
CUST0007,32,46895,13992,705,208,Yes
CUST0008,26,89443,47090,733,116,Yes
CUST0009,65,148858,32253,765,289,Yes
CUST0010,24,51217,34886,564,327,Yes
CUST0011,61,75026,44611,813,20,No
CUST0012,65,84491,32898,613,94,No
CUST0013,75,145984,45845,532,58,No
CUST0014,52,27850,16783,733,304,Yes
CUST0015,23,147475,34779,460,326,Yes
CUST0016,55,38661,38385,578,150,Yes
CUST0017,45,113277,32795,394,260,No
CUST0018,20,56677,41179,834,75,Yes
CUST0019,19,32193,34494,686,60,Yes
CUST0020,23,25754,30212,428,138,Yes
CUST0021,31,140753,28285,516,220,Yes
CUST0022,32,50339,19794,710,125,No
CUST0023,50,137609,17176,357,135,No
CUST0024,56,130821,32837,524,247,Yes
CUST0025,19,88125,44621,701,324,No
CUST0026,53,74140,5486,488,96,No
CUST0027,30,111861,42875,379,100,No
CUST0028,63,137385,37647,779,124,Yes
CUST0029,59,68823,20515,788,155,Yes
CUST0030,62,80091,37881,620,66,Yes
CUST0031,52,147736,22645,714,13,No
CUST0032,44,118028,31924,689,134,Yes
CUST0033,32,31128,40793,468,355,No
CUST0034,46,96122,42771,355,169,No
CUST0035,55,32527,29049,680,234,No
CUST0036,35,86247,7192,734,308,No
CUST0037,69,37499,7481,499,319,No
CUST0038,73,103521,42234,576,209,Yes
CUST0039,18,127474,36671,411,240,Yes
CUST0040,66,71688,29155,406,121,Yes
CUST0041,69,29808,12416,379,130,Yes
CUST0042,28,97580,43028,671,63,Yes
CUST0043,62,94425,36557,643,53,Yes
CUST0044,45,28163,10247,328,221,Yes
CUST0045,39,77014,14311,545,239,No
CUST0046,35,106827,39498,588,238,Yes
CUST0047,27,146382,23312,466,88,No
CUST0048,31,37132,35470,409,208,No
CUST0049,66,51034,38878,366,326,No
CUST0050,39,58230,10127,516,206,Yes
CUST0051,24,54208,39298,311,23,Yes
CUST0052,23,131530,44981,616,289,Yes
CUST0053,42,61288,10796,492,151,Yes
CUST0054,24,141378,21071,506,117,Yes
CUST0055,40,124964,35962,333,356,No
CUST0056,72,71505,46331,546,263,Yes
CUST0057,40,111845,48498,575,235,No
CUST0058,56,129038,48825,387,280,Yes
CUST0059,34,116384,10117,345,187,No
CUST0060,69,62762,49831,795,176,No
CUST0061,20,61688,46529,346,22,Yes
CUST0062,64,79343,40336,349,267,Yes
CUST0063,47,55645,42986,622,271,Yes
CUST0064,52,50619,25479,395,327,Yes
CUST0065,25,29789,45176,616,210,Yes
CUST0066,42,143673,8458,308,238,No
CUST0067,23,46569,27514,665,322,No
CUST0068,53,37840,40063,589,117,Yes
CUST0069,36,122227,5706,707,202,Yes
CUST0070,71,120944,35727,812,85,No
CUST0071,58,96638,34755,499,51,No
CUST0072,57,34283,38597,622,319,No
CUST0073,74,40369,35751,700,205,No
CUST0074,73,33848,42615,664,98,No
CUST0075,41,41544,26726,432,218,No
CUST0076,54,78925,32591,399,118,Yes
CUST0077,30,81086,28128,639,123,No
CUST0078,63,61160,24308,717,172,Yes
CUST0079,22,73282,23953,815,192,No
CUST0080,20,35825,15977,403,219,Yes
CUST0081,60,90244,7315,814,152,Yes
CUST0082,32,66961,44166,453,139,No
CUST0083,67,146436,24927,324,160,No
CUST0084,36,120969,41943,691,130,No
CUST0085,23,47215,22068,788,206,Yes
CUST0086,72,79233,9025,338,319,No
CUST0087,32,60410,46241,597,252,No
CUST0088,73,80731,36009,465,24,No
CUST0089,24,54735,42889,455,300,No
CUST0090,42,131736,16080,774,136,Yes
CUST0091,35,35717,42542,380,342,No
CUST0092,47,31851,8382,395,45,No
CUST0093,58,40658,48012,537,243,No
CUST0094,71,125853,24120,520,23,Yes
CUST0095,41,109922,45915,444,211,No
CUST0096,28,59874,6789,464,304,Yes
CUST0097,41,128316,23796,813,188,Yes
CUST0098,40,112367,36769,828,196,No
CUST0099,31,111341,10407,835,207,No
CUST0100,60,99076,13311,649,22,Yes
CUST0101,35,25286,38134,758,263,No
CUST0102,62,48183,10037,434,235,No
CUST0103,61,129566,23209,647,240,Yes
CUST0104,59,132272,21518,597,229,No
CUST0105,22,62964,13686,668,57,Yes
CUST0106,56,39441,45356,741,235,Yes
CUST0107,58,31955,23413,340,142,Yes
CUST0108,28,113212,23036,696,190,No
CUST0109,52,52534,21839,544,129,Yes
CUST0110,64,146930,5930,513,149,No
CUST0111,33,66627,12310,376,199,Yes
CUST0112,28,71936,44572,456,145,Yes
CUST0113,47,87300,16443,809,257,No
CUST0114,42,26416,43782,399,92,Yes
CUST0115,35,108759,14904,315,98,No
CUST0116,58,59169,48198,446,124,Yes
CUST0117,62,54100,34271,616,311,No
CUST0118,53,127490,29233,389,342,Yes
CUST0119,32,149849,16494,810,276,No
CUST0120,61,42789,22121,396,318,No
CUST0121,38,24073,20479,765,283,No
CUST0122,71,144793,36779,621,112,Yes
CUST0123,67,73004,16849,473,30,Yes
CUST0124,67,132014,39562,602,207,Yes
CUST0125,21,79270,7168,465,198,No
CUST0126,32,92869,27468,369,36,Yes
CUST0127,70,118052,10531,586,129,No
CUST0128,20,92105,14507,672,58,Yes
CUST0129,69,52748,44029,661,93,Yes
CUST0130,38,32415,15102,391,59,No
CUST0131,43,80560,37502,372,327,Yes
CUST0132,35,33357,32062,483,295,No
CUST0133,22,125368,30111,771,37,No
CUST0134,31,124046,20594,564,140,Yes
CUST0135,54,38322,48297,784,52,Yes
CUST0136,74,35919,33847,562,280,No
CUST0137,63,21567,46784,752,142,Yes
CUST0138,38,28083,15963,443,243,Yes
CUST0139,31,128838,18818,426,88,No
CUST0140,59,122361,42863,799,162,No
CUST0141,49,148787,27614,340,84,Yes
CUST0142,43,49135,8560,672,235,No
CUST0143,74,37133,47091,593,154,Yes
CUST0144,59,45969,22327,710,107,No
CUST0145,47,127960,12601,718,129,Yes
CUST0146,27,72505,8442,432,221,Yes
CUST0147,34,68790,15983,751,171,Yes
CUST0148,26,109952,35409,675,97,No
CUST0149,33,102614,31132,824,278,Yes
CUST0150,65,142889,36210,621,46,Yes
CUST0151,53,104500,24750,682,130,Yes
CUST0152,52,31015,36212,385,59,Yes
CUST0153,34,96326,39899,723,329,Yes
CUST0154,65,96823,20313,818,38,No
CUST0155,55,53924,29890,760,305,No
CUST0156,45,140249,49794,569,347,No
CUST0157,75,126528,30563,343,102,Yes
CUST0158,55,29828,36102,358,159,No
CUST0159,43,22857,22211,550,292,No
CUST0160,41,28450,14512,308,252,No
CUST0161,32,45919,39763,458,228,No
CUST0162,26,138291,33490,407,97,No
CUST0163,50,104670,5777,597,132,No
CUST0164,49,78121,23926,684,20,No
CUST0165,23,126076,34413,462,112,No
CUST0166,66,36880,30035,708,320,No
CUST0167,21,32055,49465,374,51,No
CUST0168,73,138630,25688,528,46,No
CUST0169,25,131054,39750,697,63,No
CUST0170,27,128705,49752,773,149,Yes
CUST0171,58,126022,7688,395,103,No
CUST0172,28,63456,11380,657,285,Yes
CUST0173,68,36059,39818,777,75,No
CUST0174,61,25596,46774,779,248,No
CUST0175,45,143506,28188,847,295,No
CUST0176,56,80423,33297,776,200,No
CUST0177,22,26637,45008,411,103,No
CUST0178,42,42018,47733,387,90,No
CUST0179,42,141127,22864,484,285,No
CUST0180,56,95220,26952,410,107,Yes
CUST0181,47,76774,22716,706,137,No
CUST0182,51,127699,22503,743,16,Yes
CUST0183,34,114952,11440,504,178,No
CUST0184,53,71773,21734,711,99,Yes
CUST0185,73,85028,47883,636,151,Yes
CUST0186,18,23864,43284,366,274,Yes
CUST0187,61,70165,30634,624,22,No
CUST0188,64,109550,35219,650,268,No
CUST0189,25,75923,49255,797,270,No
CUST0190,61,42650,20846,517,41,Yes
CUST0191,74,66392,49032,787,213,Yes
CUST0192,52,48143,43582,417,81,No
CUST0193,66,139053,17774,585,97,No
CUST0194,35,44530,39075,765,36,Yes
CUST0195,67,56042,27112,339,252,No
CUST0196,59,56681,49414,459,91,Yes
CUST0197,39,78459,16791,781,79,No
CUST0198,25,135792,25530,449,135,Yes
CUST0199,36,39481,40888,518,323,No
CUST0200,45,24541,5693,627,200,No
CUST0201,28,100492,49092,332,305,No
CUST0202,47,101156,5555,689,154,No
CUST0203,18,100868,9453,363,248,No
CUST0204,64,52215,5783,670,137,No
CUST0205,74,104840,31951,740,244,Yes
CUST0206,64,58680,11402,784,101,Yes
CUST0207,34,85390,39423,518,68,Yes
CUST0208,50,74000,11809,355,139,Yes
CUST0209,66,135707,49924,516,94,No
CUST0210,29,92179,34225,323,339,No
CUST0211,50,82787,28036,733,322,Yes
CUST0212,24,27992,19379,576,33,Yes
CUST0213,73,31497,23566,558,46,No
CUST0214,58,56670,21508,480,205,Yes
CUST0215,37,70202,17653,385,81,No
CUST0216,71,37987,7230,445,12,Yes
CUST0217,58,74949,6553,370,159,No
CUST0218,50,46143,45592,580,247,Yes
CUST0219,56,104233,11025,714,282,No
CUST0220,30,135953,8727,383,262,Yes
CUST0221,27,124490,43937,605,358,No
CUST0222,41,88919,48031,762,214,Yes
CUST0223,66,52656,19209,729,293,Yes
CUST0224,28,102674,44281,837,289,Yes
CUST0225,52,125141,46817,519,218,No
CUST0226,67,91258,12981,565,280,Yes
CUST0227,51,124182,12862,488,250,No
CUST0228,18,22559,10661,355,343,No
CUST0229,56,149683,44628,394,278,No
CUST0230,38,70134,13513,738,193,Yes
CUST0231,49,122487,29638,650,322,Yes
CUST0232,19,113502,48017,604,307,No
CUST0233,25,67069,47461,468,219,No
CUST0234,41,82873,42097,503,140,Yes
CUST0235,74,91371,17108,657,280,No
CUST0236,71,122424,12264,729,220,Yes
CUST0237,69,83527,17075,793,97,Yes
CUST0238,37,65093,21602,786,269,Yes
CUST0239,33,139626,24304,848,267,Yes
CUST0240,21,94141,35602,464,76,Yes
CUST0241,33,85849,48285,747,30,No
CUST0242,74,62153,9962,663,117,No
CUST0243,54,70905,46863,698,49,Yes
CUST0244,23,55446,34716,310,319,Yes
CUST0245,23,43568,23113,503,200,Yes
CUST0246,64,23416,32982,379,164,Yes
CUST0247,49,61795,48750,448,71,No
CUST0248,70,98265,26194,631,321,No
CUST0249,22,48707,21864,624,223,Yes
CUST0250,66,23840,15614,314,207,No
CUST0251,52,137409,9849,454,204,No
CUST0252,67,126258,23172,769,165,Yes
CUST0253,26,122044,9088,451,203,Yes
CUST0254,26,56822,30087,811,24,No
CUST0255,60,27679,30466,624,173,No
CUST0256,48,125991,26800,416,261,Yes
CUST0257,53,149961,8936,716,113,No
CUST0258,28,81824,21923,569,20,No
CUST0259,34,89393,22345,833,122,No
CUST0260,51,66849,16660,303,234,No
CUST0261,73,120511,33873,761,338,No
CUST0262,56,96544,9548,428,87,Yes
CUST0263,45,50508,37225,760,242,Yes
CUST0264,31,147661,18151,399,314,No
CUST0265,52,40922,44996,337,83,Yes
CUST0266,66,33124,30731,523,344,Yes
CUST0267,64,52487,16694,492,166,Yes
CUST0268,62,106096,47302,730,214,No
CUST0269,30,51608,37247,470,137,No
CUST0270,63,54934,12106,686,84,Yes
CUST0271,37,89951,14428,521,20,Yes
CUST0272,43,126992,40430,656,128,No
CUST0273,60,123709,33262,514,236,No
CUST0274,59,140227,19312,495,141,No
CUST0275,41,116607,45236,314,261,Yes
CUST0276,46,27328,47161,679,216,No
CUST0277,75,120145,11963,672,250,No
CUST0278,51,144230,33939,316,250,No
CUST0279,46,48758,21973,609,202,No
CUST0280,25,95457,11769,614,116,Yes
CUST0281,33,130953,7284,814,249,Yes
CUST0282,32,148799,9778,427,78,No
CUST0283,22,124515,9614,811,224,Yes
CUST0284,39,70911,42443,766,38,Yes
CUST0285,19,66504,21423,723,137,No
CUST0286,55,142579,34221,720,86,Yes
CUST0287,53,129998,6229,660,339,Yes
CUST0288,32,149963,37617,660,63,No
CUST0289,55,130784,14755,736,163,Yes
CUST0290,32,42768,47786,835,203,No
CUST0291,18,43081,46965,643,39,Yes
CUST0292,22,51005,5056,416,191,Yes
CUST0293,63,97662,7479,480,250,No
CUST0294,58,61681,48555,769,209,No
CUST0295,21,125671,30590,738,346,Yes
CUST0296,32,116744,22461,682,233,Yes
CUST0297,22,111439,14935,481,51,Yes
CUST0298,75,67026,26615,466,318,Yes
CUST0299,20,139797,30646,746,162,No
CUST0300,73,97537,42659,690,193,Yes
CUST0301,39,23697,5242,591,274,Yes
CUST0302,22,112202,38776,747,294,Yes
CUST0303,50,111823,37157,590,256,No
CUST0304,33,66095,36335,401,32,Yes
CUST0305,35,144198,33577,389,257,No
CUST0306,60,94403,31470,406,46,No
CUST0307,49,93873,9594,391,192,Yes
CUST0308,31,38625,40397,316,181,Yes
CUST0309,52,93807,19801,721,111,No
CUST0310,26,144304,5216,406,170,Yes
CUST0311,64,44672,30193,808,271,No
CUST0312,74,129667,36592,402,96,Yes
CUST0313,54,149499,12943,754,17,Yes
CUST0314,54,126220,42174,815,63,Yes
CUST0315,48,135556,40081,333,86,No
CUST0316,33,147190,28522,596,299,Yes
CUST0317,68,84517,26852,730,150,No
CUST0318,48,91057,49684,516,42,Yes
CUST0319,69,60508,24846,528,24,Yes
CUST0320,44,43010,31254,765,272,Yes
CUST0321,30,84282,8617,690,123,Yes
CUST0322,24,24975,46436,417,334,Yes
CUST0323,24,31830,47406,500,278,No
CUST0324,60,27362,10941,780,202,No
CUST0325,45,50490,28943,427,24,No
CUST0326,40,98861,40037,659,241,Yes
CUST0327,45,48679,27286,775,218,No
CUST0328,44,22612,10272,722,183,Yes
CUST0329,47,89002,35122,705,325,Yes
CUST0330,73,82650,24002,307,247,Yes
CUST0331,64,20089,47453,683,189,No
CUST0332,21,63481,18311,529,330,Yes
CUST0333,61,140310,16574,819,179,No
CUST0334,59,100495,41338,590,157,Yes
CUST0335,59,46406,7577,574,200,No
CUST0336,24,125702,30176,570,38,No
CUST0337,21,37103,48301,614,276,Yes
CUST0338,43,64663,17517,724,311,Yes
CUST0339,64,113970,24586,547,75,Yes
CUST0340,39,43260,30565,304,236,Yes
CUST0341,69,140426,11997,724,261,Yes
CUST0342,73,125175,46328,333,233,No
CUST0343,24,130662,28544,315,275,Yes
CUST0344,33,133798,36883,326,30,Yes
CUST0345,30,62413,10561,457,353,Yes
CUST0346,30,27806,46470,683,292,Yes
CUST0347,52,22872,33703,831,301,No
CUST0348,46,39360,17416,625,271,No
CUST0349,26,96888,14171,643,46,No
CUST0350,45,112365,7339,474,90,Yes
CUST0351,29,140222,17654,740,205,No
CUST0352,35,38566,6662,547,181,Yes
CUST0353,47,121497,43859,700,350,Yes
CUST0354,33,34538,20629,497,237,Yes
CUST0355,73,130949,37062,702,337,No
CUST0356,22,88982,30478,352,148,No
CUST0357,46,132809,9128,739,85,Yes
CUST0358,69,67826,40425,431,84,No
CUST0359,73,145902,47166,699,112,Yes
CUST0360,72,29506,25167,477,59,No
CUST0361,53,68967,37747,712,327,No
CUST0362,24,112345,39992,625,208,Yes
CUST0363,21,143459,34445,829,153,Yes
CUST0364,59,106787,6075,462,213,No
CUST0365,52,71851,7427,747,124,Yes
CUST0366,71,96810,27235,536,33,Yes
CUST0367,18,33242,8673,401,34,No
CUST0368,23,64113,27132,429,167,No
CUST0369,66,59552,7805,816,18,Yes
CUST0370,72,62284,31575,421,80,Yes
CUST0371,33,37884,12745,701,111,Yes
CUST0372,28,147908,18872,566,226,No
CUST0373,44,40644,47850,462,303,Yes
CUST0374,49,115990,48733,630,111,Yes
CUST0375,48,144347,39283,508,225,Yes
CUST0376,31,77261,35039,395,89,No
CUST0377,73,123788,49438,395,230,Yes
CUST0378,43,103789,40164,326,292,Yes
CUST0379,75,145915,14761,747,302,No
CUST0380,21,83858,42968,311,142,Yes
CUST0381,28,105089,20268,456,119,No
CUST0382,42,61586,9720,328,12,Yes
CUST0383,18,42833,7416,380,45,Yes
CUST0384,42,112691,14279,691,95,Yes
CUST0385,34,146975,37040,325,31,No
CUST0386,68,93659,47849,433,147,No
CUST0387,68,110906,6249,764,259,No
CUST0388,47,136601,35881,666,45,No
CUST0389,36,141745,45525,491,124,No
CUST0390,45,100440,8001,545,251,No
CUST0391,62,123152,20904,527,96,Yes
CUST0392,64,66769,47518,604,356,No
CUST0393,68,49260,13554,498,264,No
CUST0394,53,107232,5941,848,70,No
CUST0395,60,97194,16288,551,52,Yes
CUST0396,63,126752,46462,687,354,Yes
CUST0397,49,42983,8274,566,247,Yes
CUST0398,27,69595,25141,352,187,Yes
CUST0399,30,60215,11376,581,327,Yes
CUST0400,36,116206,34896,384,202,Yes
CUST0401,31,110242,45057,447,252,Yes
CUST0402,21,58602,16186,323,144,Yes
CUST0403,55,36691,43734,405,307,Yes
CUST0404,65,43292,9191,413,297,No
CUST0405,52,115529,11968,770,292,No
CUST0406,21,20235,12482,425,181,Yes
CUST0407,65,144359,37580,409,335,No
CUST0408,38,112013,43992,445,352,Yes
CUST0409,21,144347,45345,589,179,Yes
CUST0410,21,95082,19455,568,281,Yes
CUST0411,55,71327,9135,484,91,No
CUST0412,48,131510,18280,395,353,No
CUST0413,50,121034,32932,379,313,Yes
CUST0414,72,146508,27108,806,278,No
CUST0415,51,94381,49459,670,154,Yes
CUST0416,28,24244,31346,512,316,No
CUST0417,21,43865,26249,700,137,Yes
CUST0418,50,98956,12916,403,127,No
CUST0419,23,61709,49832,802,23,Yes
CUST0420,72,140722,42746,322,234,No
CUST0421,29,126011,40775,723,259,Yes
CUST0422,22,146816,14000,375,151,No
CUST0423,56,100134,26075,798,180,Yes
CUST0424,22,48953,18974,378,272,Yes
CUST0425,61,103839,7987,515,165,Yes
CUST0426,73,94127,43868,729,267,Yes
CUST0427,33,33645,16367,684,219,No
CUST0428,43,142773,26987,621,38,No
CUST0429,25,85035,9143,761,314,No
CUST0430,74,38434,12913,464,165,No
CUST0431,54,63406,22949,484,143,Yes
CUST0432,33,117693,14256,605,66,Yes
CUST0433,55,30198,32207,310,87,Yes
CUST0434,56,51194,16013,482,296,No
CUST0435,20,65457,29243,332,126,No
CUST0436,57,148762,41268,420,124,Yes
CUST0437,23,61879,15813,651,139,No
CUST0438,44,42005,33748,655,249,Yes
CUST0439,60,103386,20967,795,90,No
CUST0440,55,136040,43141,305,62,Yes
CUST0441,54,146232,7667,462,289,Yes
CUST0442,51,31629,13740,834,270,Yes
CUST0443,38,127696,11551,560,197,Yes
CUST0444,34,112925,46431,424,223,No
CUST0445,31,107821,45136,497,216,Yes
CUST0446,60,103768,29650,330,226,No
CUST0447,63,115588,15338,848,302,Yes
CUST0448,38,136215,6024,323,181,No
CUST0449,33,64007,36913,830,165,No
CUST0450,34,78540,10290,824,53,Yes
CUST0451,43,21493,5416,456,136,No
CUST0452,26,54761,5473,521,95,No
CUST0453,60,47483,16758,673,331,No
CUST0454,59,52707,10841,417,258,Yes
CUST0455,37,110855,47713,522,351,No
CUST0456,47,28885,43910,330,45,No
CUST0457,38,65938,23594,635,172,No
CUST0458,66,53640,32277,441,41,Yes
CUST0459,22,123156,36195,525,235,No
CUST0460,18,34160,13316,385,219,No
CUST0461,47,114426,18510,429,233,No
CUST0462,57,20167,14377,574,90,Yes
CUST0463,54,26310,46931,580,224,Yes
CUST0464,24,70585,22756,793,254,Yes
CUST0465,22,77438,39281,504,27,No
CUST0466,52,116021,34518,394,182,Yes
CUST0467,31,75004,32002,656,201,No
CUST0468,50,147022,20679,601,72,No
CUST0469,34,41802,16439,778,169,Yes
CUST0470,26,135939,45012,807,132,Yes
CUST0471,40,74266,7465,746,261,No
CUST0472,74,84629,44077,824,263,No
CUST0473,22,135575,16796,709,214,No
CUST0474,74,69638,37760,497,313,No
CUST0475,33,66036,45111,556,121,Yes
CUST0476,41,91568,10768,477,219,Yes
CUST0477,36,69197,46103,502,232,No
CUST0478,28,33294,24739,587,132,Yes
CUST0479,46,128633,27796,702,158,No
CUST0480,71,82847,32445,405,136,No
CUST0481,52,123380,5299,619,324,No
CUST0482,63,133252,41550,469,96,No
CUST0483,37,95766,20442,510,184,Yes
CUST0484,57,105323,17576,799,93,Yes
CUST0485,69,119384,12700,743,318,No
CUST0486,59,110067,39747,756,179,Yes
CUST0487,51,49567,11270,733,315,Yes
CUST0488,18,41319,45561,578,204,Yes
CUST0489,60,79151,28717,626,54,No
CUST0490,70,29661,40371,410,63,Yes
CUST0491,53,124752,38262,692,54,No
CUST0492,37,130855,19370,739,54,Yes
CUST0493,60,24379,35422,504,16,Yes
CUST0494,24,58654,46055,661,88,Yes
CUST0495,74,22631,48209,682,288,No
CUST0496,26,61774,18638,365,231,Yes
CUST0497,34,54226,23115,760,264,Yes
CUST0498,25,144736,8477,471,59,Yes
CUST0499,74,33726,17695,334,343,Yes
CUST0500,24,29725,12384,823,89,No
CUST0501,65,64801,14779,559,38,Yes
CUST0502,53,42296,49908,719,13,Yes
CUST0503,27,136382,36091,600,253,Yes
CUST0504,35,69212,37605,843,102,No
CUST0505,36,41090,16555,660,28,No
CUST0506,56,115942,15470,707,80,No
CUST0507,31,29830,48918,330,161,No
CUST0508,63,91702,7825,417,199,No
CUST0509,39,143448,8540,484,359,Yes
CUST0510,31,137718,47261,630,194,No
CUST0511,61,148193,28867,739,353,Yes
CUST0512,58,32203,23681,490,304,Yes
CUST0513,72,64295,18735,666,56,Yes
CUST0514,34,97860,33486,551,32,No
CUST0515,50,149142,21474,374,96,No
CUST0516,49,100431,26908,520,170,No
CUST0517,34,137076,45423,680,181,Yes
CUST0518,75,83273,34697,680,63,Yes
CUST0519,72,112340,7838,448,31,Yes
CUST0520,21,24062,11843,621,310,Yes
CUST0521,23,76534,8437,425,54,No
CUST0522,58,143527,40216,309,32,No
CUST0523,45,105673,16526,626,326,Yes
CUST0524,71,41626,15357,311,12,No
CUST0525,35,99602,6904,636,110,No
CUST0526,20,136621,36788,518,99,No
CUST0527,18,76911,38744,776,212,No
CUST0528,39,40591,12606,629,263,No
CUST0529,67,27019,9643,538,67,Yes
CUST0530,26,33272,20420,367,148,Yes
CUST0531,58,63397,34151,694,315,No
CUST0532,34,46941,43843,590,161,Yes
CUST0533,28,147716,42995,517,327,Yes
CUST0534,65,44901,26362,839,281,Yes
CUST0535,46,73645,32463,522,48,No
CUST0536,53,111382,18025,405,325,No
CUST0537,63,92628,49358,584,157,No
CUST0538,45,114638,26344,376,82,Yes
CUST0539,53,141316,20077,731,45,Yes
CUST0540,18,115679,12217,745,248,No
CUST0541,25,90795,26373,625,322,Yes
CUST0542,22,54768,19927,627,145,Yes
CUST0543,74,106585,11426,502,92,Yes
CUST0544,62,56899,20539,501,341,Yes
CUST0545,75,58980,32039,350,275,Yes
CUST0546,27,51135,18104,805,61,Yes
CUST0547,52,32571,29610,810,266,Yes
CUST0548,20,26505,19461,347,322,Yes
CUST0549,71,71498,9818,581,126,No
CUST0550,41,94943,35866,731,157,Yes
CUST0551,55,92045,43344,422,28,No
CUST0552,53,130081,36746,427,213,No
CUST0553,27,84349,8561,763,185,No
CUST0554,45,40131,33564,475,352,No
CUST0555,26,27144,14498,634,95,No
CUST0556,20,67294,19166,692,254,No
CUST0557,37,20500,44939,542,243,No
CUST0558,41,76047,34818,321,195,No
CUST0559,75,31485,16669,591,272,Yes
CUST0560,68,58607,30384,318,168,Yes
CUST0561,73,127989,29476,304,162,Yes
CUST0562,20,106772,13939,772,346,Yes
CUST0563,75,101931,34998,591,217,No
CUST0564,40,98671,17724,434,226,No
CUST0565,31,82957,46420,712,132,No
CUST0566,61,46171,28500,337,170,No
CUST0567,33,32712,22674,846,353,No
CUST0568,60,23373,18252,840,179,No
CUST0569,24,47125,27012,340,119,No
CUST0570,40,42391,13336,645,135,No
CUST0571,67,103648,7103,316,248,No
CUST0572,53,58248,42268,371,88,No
CUST0573,74,148064,8909,781,91,No
CUST0574,73,30739,23389,397,30,No
CUST0575,44,82071,13945,725,52,Yes
CUST0576,57,130594,12281,608,42,No
CUST0577,65,35139,35509,581,312,Yes
CUST0578,27,60416,35053,624,72,No
CUST0579,33,122875,32408,654,87,No
CUST0580,73,72096,16219,709,67,No
CUST0581,28,81727,27516,381,241,Yes
CUST0582,69,84106,19408,620,76,No
CUST0583,69,137293,24343,805,88,No
CUST0584,29,106643,44559,348,49,Yes
CUST0585,74,54734,15275,702,156,Yes
CUST0586,44,31945,46811,605,182,No
CUST0587,19,104130,45077,765,175,Yes
CUST0588,29,91319,16136,805,308,No
CUST0589,65,70793,42887,424,134,No
CUST0590,39,44232,41225,682,258,Yes
CUST0591,68,68630,20053,405,234,No
CUST0592,44,136063,10667,329,221,Yes
CUST0593,69,69996,31980,529,74,Yes
CUST0594,60,68418,39194,348,341,No
CUST0595,73,44455,37061,310,354,No
CUST0596,65,78428,19184,442,355,No
CUST0597,69,25848,43769,407,294,Yes
CUST0598,33,54510,36030,630,312,No
CUST0599,35,77637,35327,746,166,No
CUST0600,28,80956,23295,531,119,Yes
CUST0601,68,54524,5950,474,254,Yes
CUST0602,62,49654,33056,390,347,No
CUST0603,24,129717,21164,495,29,Yes
CUST0604,42,55200,21241,677,198,No
CUST0605,73,93956,26449,850,92,Yes
CUST0606,20,28079,33458,305,212,No
CUST0607,72,39808,42975,353,110,Yes
CUST0608,48,118596,19575,565,188,Yes
CUST0609,32,111287,43782,344,45,No
CUST0610,30,107486,14762,413,37,No
CUST0611,70,32675,42598,349,28,Yes
CUST0612,47,31233,5332,611,141,Yes
CUST0613,40,107574,32379,376,211,No
CUST0614,37,65061,7898,570,107,No
CUST0615,70,125929,7625,637,266,Yes
CUST0616,68,90968,35844,688,249,Yes
CUST0617,73,74262,38044,576,349,Yes
CUST0618,32,147232,7203,474,215,No
CUST0619,32,119150,32898,441,177,No
CUST0620,19,97296,39807,771,242,Yes
CUST0621,60,49820,30842,422,80,No
CUST0622,30,92561,36409,429,179,No
CUST0623,43,27993,11422,626,228,Yes
CUST0624,39,130204,34651,451,349,Yes
CUST0625,35,70738,37459,723,173,No
CUST0626,73,127270,20762,757,302,No
CUST0627,22,88495,10445,425,106,No
CUST0628,67,74870,41601,834,15,No
CUST0629,35,146566,5814,840,96,No
CUST0630,40,90190,31648,546,140,No
CUST0631,59,110055,19287,789,224,No
CUST0632,50,133625,13697,801,59,No
CUST0633,43,142730,28488,587,261,Yes
CUST0634,61,82236,24384,629,183,No
CUST0635,71,95066,20667,794,87,No
CUST0636,52,135560,47443,531,33,No
CUST0637,39,50886,10946,394,83,No
CUST0638,19,82424,6043,570,134,Yes
CUST0639,25,59171,36443,603,274,No
CUST0640,74,30348,48845,384,321,No
CUST0641,34,71747,24977,661,265,Yes
CUST0642,29,138328,15603,548,154,No
CUST0643,55,131927,35099,510,115,Yes
CUST0644,34,113625,42380,379,104,No
CUST0645,20,24551,43250,376,225,Yes
CUST0646,24,85811,6599,806,31,Yes
CUST0647,56,94870,34808,361,16,No
CUST0648,45,138024,35393,517,335,No
CUST0649,40,87740,14084,313,196,No
CUST0650,64,124916,31565,521,187,No
CUST0651,68,94905,17120,779,326,Yes
CUST0652,38,108805,29275,694,202,No
CUST0653,45,148811,46078,492,184,No
CUST0654,56,101300,35428,799,13,No
CUST0655,50,39326,46510,407,65,Yes
CUST0656,25,35765,5089,648,259,Yes
CUST0657,42,144420,46111,513,268,Yes
CUST0658,75,119246,9633,840,115,Yes
CUST0659,54,78856,30223,826,120,Yes
CUST0660,30,42659,26817,620,87,No
CUST0661,34,144395,39794,619,182,No
CUST0662,20,149023,7143,764,360,Yes
CUST0663,63,41910,24437,457,349,No
CUST0664,45,147423,32911,816,270,Yes
CUST0665,18,47772,22680,408,152,No
CUST0666,51,125966,45140,433,283,Yes
CUST0667,69,45260,40549,524,212,Yes
CUST0668,52,36539,42698,672,282,Yes
CUST0669,61,25593,18575,694,314,Yes
CUST0670,64,75492,49870,763,325,Yes
CUST0671,65,30271,10305,825,325,No
CUST0672,65,149535,45662,507,112,Yes
CUST0673,60,109538,27000,709,234,Yes
CUST0674,30,77067,8592,492,32,Yes
CUST0675,41,46465,38733,370,244,Yes
CUST0676,45,127815,49214,584,314,No
CUST0677,22,102211,28854,733,292,Yes
CUST0678,60,39382,8379,468,160,No
CUST0679,39,129328,12272,614,287,No
CUST0680,57,97994,30097,404,245,No
CUST0681,38,53801,28959,450,34,No
CUST0682,60,61910,35497,772,157,Yes
CUST0683,72,139380,45575,409,182,No
CUST0684,25,115302,7678,412,21,No
CUST0685,64,139822,28958,546,220,No
CUST0686,75,125820,29014,316,313,No
CUST0687,37,28783,16486,771,333,No
CUST0688,50,31406,47478,491,44,Yes
CUST0689,37,70868,41620,573,254,Yes
CUST0690,60,92923,9391,329,225,Yes
CUST0691,44,72082,41749,787,249,Yes
CUST0692,38,92358,18416,843,323,Yes
CUST0693,43,62746,14070,763,304,Yes
CUST0694,62,132279,26949,660,130,No
CUST0695,36,56202,20639,571,173,No
CUST0696,53,88116,40365,421,314,No
CUST0697,26,80051,12442,386,126,No
CUST0698,30,140214,47535,662,242,No
CUST0699,44,134486,36358,741,147,Yes
CUST0700,60,21620,43018,517,165,Yes
CUST0701,42,123094,18749,454,345,Yes
CUST0702,61,111804,19774,706,31,Yes
CUST0703,65,101665,26001,814,129,Yes
CUST0704,75,97014,28115,741,354,Yes
CUST0705,29,88493,22521,820,308,No
CUST0706,57,122457,38001,641,142,Yes
CUST0707,54,74997,49579,354,214,Yes
CUST0708,37,34748,32717,751,147,Yes
CUST0709,43,74321,23162,579,14,Yes
CUST0710,53,39613,8569,678,283,No
CUST0711,71,39424,9152,400,129,No
CUST0712,18,94264,29432,350,32,No
CUST0713,37,97061,27624,691,125,No
CUST0714,36,96372,34649,732,242,No
CUST0715,31,119402,36865,498,134,Yes
CUST0716,45,146462,37863,601,215,No
CUST0717,68,143161,39516,493,13,No
CUST0718,55,33133,13041,712,232,No
CUST0719,56,141232,35812,480,36,Yes
CUST0720,59,33845,39858,582,50,No
CUST0721,38,93752,49453,842,152,Yes
CUST0722,47,122176,39921,805,286,Yes
CUST0723,46,33237,24153,831,291,Yes
CUST0724,46,122989,34620,743,225,No
CUST0725,61,57498,45694,411,20,No
CUST0726,31,133701,29126,351,268,No
CUST0727,50,90206,49125,554,339,Yes
CUST0728,48,135361,9300,413,168,No
CUST0729,68,65071,17343,524,319,No
CUST0730,75,135067,35007,417,351,No
CUST0731,68,73856,10721,354,38,No
CUST0732,65,54620,10254,336,266,Yes
CUST0733,28,70206,30603,572,309,Yes
CUST0734,60,105824,16718,544,121,Yes
CUST0735,23,83646,23898,367,285,Yes
CUST0736,36,94976,10042,844,350,No
CUST0737,50,99817,12167,403,294,Yes
CUST0738,60,82003,15798,582,159,Yes
CUST0739,58,24910,23084,531,71,No
CUST0740,57,42570,12341,714,132,Yes
CUST0741,39,56099,14696,701,211,Yes
CUST0742,23,72818,37527,702,299,No
CUST0743,70,38855,14863,403,180,Yes
CUST0744,66,101034,18386,525,102,Yes
CUST0745,33,99777,39123,574,291,Yes
CUST0746,61,109235,46109,807,347,Yes
CUST0747,37,110919,6487,510,114,Yes
CUST0748,32,72654,24213,475,19,No
CUST0749,69,25083,32298,508,231,No
CUST0750,30,71877,49721,655,52,No
CUST0751,27,136598,40483,594,180,Yes
CUST0752,19,135206,13652,594,343,No
CUST0753,20,63449,36057,303,137,No
CUST0754,33,110507,27721,396,257,Yes
CUST0755,48,51139,32533,489,22,Yes
CUST0756,57,26460,34088,815,62,Yes
CUST0757,72,117746,47250,788,78,No
CUST0758,67,82287,6407,612,144,Yes
CUST0759,22,140695,24104,544,98,No
CUST0760,47,55203,17390,474,348,No
CUST0761,44,137575,9125,622,161,No
CUST0762,74,68816,6444,371,355,Yes
CUST0763,58,22651,20225,470,143,Yes
CUST0764,54,64284,39053,491,224,No
CUST0765,30,127136,47249,640,94,Yes
CUST0766,63,124025,27012,766,230,No
CUST0767,62,59722,31980,445,116,No
CUST0768,42,60756,42925,313,95,Yes
CUST0769,49,56745,27465,785,197,Yes
CUST0770,43,130473,47975,738,61,Yes
CUST0771,33,84437,47339,642,159,No
CUST0772,27,132490,26384,321,170,No
CUST0773,59,111250,36860,481,289,No
CUST0774,62,109764,43886,570,292,Yes
CUST0775,18,32873,48637,378,339,No
CUST0776,75,147467,39744,474,47,No
CUST0777,66,133888,40944,309,51,Yes
CUST0778,73,49878,34180,660,91,Yes
CUST0779,67,37614,35015,785,74,No
CUST0780,74,59384,24928,301,13,Yes
CUST0781,24,147692,42175,800,134,No
CUST0782,67,117481,13647,553,45,Yes
CUST0783,45,78079,25086,783,150,Yes
CUST0784,32,121453,16254,412,103,Yes
CUST0785,29,128242,22039,346,70,No
CUST0786,69,62056,19862,317,243,Yes
CUST0787,62,55313,36735,597,184,Yes
CUST0788,51,115525,29372,533,74,Yes
CUST0789,47,74627,23883,837,268,No
CUST0790,21,99295,8101,815,285,No
CUST0791,53,104614,14721,471,250,No
CUST0792,33,31703,28142,450,273,No
CUST0793,72,44633,23637,396,74,Yes
CUST0794,25,77896,34879,402,258,No
CUST0795,47,47707,15902,611,354,No
CUST0796,26,139725,45542,643,326,Yes
CUST0797,69,127999,15537,763,154,Yes
CUST0798,47,73368,40082,802,54,Yes
CUST0799,60,117117,23693,659,194,Yes
CUST0800,51,83499,16945,563,59,Yes
CUST0801,53,119548,16492,798,192,Yes
CUST0802,56,87698,48670,559,102,Yes
CUST0803,38,133664,15058,673,210,Yes
CUST0804,66,69009,15567,769,108,Yes
CUST0805,75,127612,20591,313,291,Yes
CUST0806,46,27367,12662,661,140,No
CUST0807,57,87537,7696,608,21,No
CUST0808,70,123742,25750,641,329,Yes
CUST0809,64,40836,42652,830,56,Yes
CUST0810,75,28600,13288,795,44,Yes
CUST0811,50,60779,33894,415,95,Yes
CUST0812,45,113004,22066,576,86,Yes
CUST0813,71,86426,29226,831,187,Yes
CUST0814,53,72872,17091,321,94,Yes
CUST0815,46,37779,18445,451,279,Yes
CUST0816,75,122303,41863,720,285,No
CUST0817,28,131580,7273,525,111,No
CUST0818,65,88719,48617,445,257,No
CUST0819,73,135255,25771,665,335,No
CUST0820,48,94537,27534,809,191,Yes
CUST0821,46,23794,14695,331,27,Yes
CUST0822,34,42772,29439,550,186,No
CUST0823,66,45265,34388,741,211,No
CUST0824,33,134711,40380,668,233,No
CUST0825,71,129173,15655,511,65,Yes
CUST0826,58,46309,39972,391,274,No
CUST0827,35,129704,24763,498,218,No
CUST0828,67,27553,12961,686,120,Yes
CUST0829,67,52701,6633,410,97,No
CUST0830,51,24334,31513,580,109,No
CUST0831,49,79827,37729,760,329,No
CUST0832,58,26626,14527,839,338,Yes
CUST0833,33,140328,35018,479,259,Yes
CUST0834,35,67235,25985,571,312,Yes
CUST0835,46,112357,15227,657,46,No
CUST0836,22,46097,5281,639,128,No
CUST0837,63,55910,40792,700,348,Yes
CUST0838,36,68280,38253,727,265,Yes
CUST0839,33,127938,26710,582,297,Yes
CUST0840,35,80846,47417,616,246,Yes
CUST0841,39,86207,24369,495,210,Yes
CUST0842,38,72028,36058,342,176,No
CUST0843,75,103284,23994,832,340,No
CUST0844,52,140989,42599,651,200,Yes
CUST0845,23,36236,48705,425,113,Yes
CUST0846,26,109282,14639,743,33,Yes
CUST0847,27,24005,42043,765,30,Yes
CUST0848,32,51711,33973,655,243,No
CUST0849,42,68819,27196,595,108,Yes
CUST0850,62,84066,12360,412,13,Yes
CUST0851,27,97862,36390,308,304,Yes
CUST0852,63,78471,7626,810,193,No
CUST0853,31,43276,14137,450,20,No
CUST0854,22,145897,49433,777,352,Yes
CUST0855,44,134095,41107,453,202,Yes
CUST0856,44,82204,12659,835,344,Yes
CUST0857,39,96923,25190,596,185,No
CUST0858,52,92264,6625,466,224,Yes
CUST0859,47,65843,31321,610,15,Yes
CUST0860,44,65121,45469,798,173,Yes
CUST0861,21,41432,19441,595,249,No
CUST0862,31,129792,34227,366,55,Yes
CUST0863,71,137242,28422,601,80,No
CUST0864,44,53903,11060,315,61,Yes
CUST0865,42,118167,26388,764,316,No
CUST0866,75,128903,8606,341,278,No
CUST0867,67,110289,44855,522,299,No
CUST0868,55,31847,47029,589,71,No
CUST0869,62,57364,17789,426,315,Yes
CUST0870,19,23597,43235,354,81,No
CUST0871,72,70667,39500,800,254,No
CUST0872,74,26507,19558,613,265,No
CUST0873,66,41352,23214,305,295,No
CUST0874,54,131912,17826,740,294,No
CUST0875,42,95007,6477,660,186,Yes
CUST0876,48,122213,10478,300,73,Yes
CUST0877,18,146473,40285,351,331,No
CUST0878,40,48091,34193,557,28,Yes
CUST0879,37,132343,49372,441,338,No
CUST0880,66,49012,49011,658,174,No
CUST0881,42,104853,10726,590,137,Yes
CUST0882,72,49505,38540,814,171,No
CUST0883,75,108826,30848,458,286,Yes
CUST0884,71,47096,17743,388,229,No
CUST0885,44,55269,37143,577,162,Yes
CUST0886,52,105404,25824,446,31,No
CUST0887,65,73674,44529,501,66,Yes
CUST0888,65,87276,44654,742,40,Yes
CUST0889,52,22628,38525,382,165,Yes
CUST0890,69,133328,8673,597,352,No
CUST0891,56,122275,48697,524,82,Yes
CUST0892,75,146764,28662,332,144,No
CUST0893,32,120607,31054,784,206,No
CUST0894,49,109417,14695,663,90,No
CUST0895,32,21166,33025,554,155,No
CUST0896,35,82140,29224,695,186,No
CUST0897,45,139474,30304,732,222,Yes
CUST0898,49,37342,29433,708,50,Yes
CUST0899,19,104852,5798,400,283,No
CUST0900,42,42701,23654,567,198,Yes
CUST0901,39,98792,27604,609,50,Yes
CUST0902,60,124970,28026,618,267,No
CUST0903,61,21109,25190,477,169,Yes
CUST0904,69,49329,34201,746,165,Yes
CUST0905,43,53081,41767,630,220,Yes
CUST0906,64,99736,10740,442,23,Yes
CUST0907,28,125524,19135,504,25,Yes
CUST0908,71,143601,34112,556,157,Yes
CUST0909,47,60037,32237,438,179,Yes
CUST0910,26,113420,33999,726,106,Yes
CUST0911,57,146749,23915,504,59,No
CUST0912,52,112978,15734,608,82,Yes
CUST0913,19,104245,32776,612,280,Yes
CUST0914,43,56094,32144,387,320,No
CUST0915,55,75549,14146,604,318,No
CUST0916,54,137372,43481,772,63,Yes
CUST0917,60,69345,44186,487,197,Yes
CUST0918,19,131619,10641,684,70,No
CUST0919,23,65706,14413,747,60,Yes
CUST0920,59,80161,18617,398,147,No
CUST0921,45,53029,24872,441,182,No
CUST0922,26,48601,36104,839,174,Yes
CUST0923,73,81171,39426,752,75,Yes
CUST0924,47,59602,26981,620,105,Yes
CUST0925,29,108761,9332,815,307,No
CUST0926,21,88241,43710,666,120,Yes
CUST0927,34,128044,29626,779,310,No
CUST0928,42,101737,10796,662,52,No
CUST0929,38,72055,5433,737,130,Yes
CUST0930,31,96609,31834,777,37,No
CUST0931,47,33410,46864,730,153,Yes
CUST0932,38,20963,22912,720,171,No
CUST0933,39,87045,32165,772,293,Yes
CUST0934,66,106816,16461,328,289,Yes
CUST0935,74,146679,41425,327,52,Yes
CUST0936,42,130530,35285,731,293,Yes
CUST0937,35,130019,42218,390,307,No
CUST0938,66,69051,13973,443,291,No
CUST0939,71,93591,18058,609,164,No
CUST0940,44,104848,17190,548,294,Yes
CUST0941,34,97826,30019,824,348,Yes
CUST0942,71,99829,23970,682,164,No
CUST0943,23,57051,41298,430,63,Yes
CUST0944,48,59121,37151,600,218,Yes
CUST0945,19,109707,7767,354,32,Yes
CUST0946,65,34169,24791,702,171,No
CUST0947,52,83142,43352,428,227,No
CUST0948,21,28367,24917,712,59,Yes
CUST0949,40,64077,37381,306,348,Yes
CUST0950,32,149546,41653,773,182,Yes
CUST0951,59,56239,35372,830,149,No
CUST0952,22,103964,19714,771,38,Yes
CUST0953,67,62616,6758,355,82,No
CUST0954,59,132917,5160,386,47,No
CUST0955,20,56291,15094,356,60,No
CUST0956,66,54229,22214,576,313,No
CUST0957,19,105998,24671,409,14,Yes
CUST0958,33,113204,46979,641,66,Yes
CUST0959,30,144805,46717,399,256,Yes
CUST0960,71,136965,35968,597,33,Yes
CUST0961,19,105389,13138,793,252,Yes
CUST0962,57,59163,47848,639,196,No
CUST0963,27,44688,48641,362,219,No
CUST0964,33,39651,23853,424,289,No
CUST0965,26,87802,32338,823,66,No
CUST0966,48,120332,16755,354,147,Yes
CUST0967,60,51496,37236,509,93,No
CUST0968,25,137923,47256,828,314,No
CUST0969,54,27441,21039,447,299,No
CUST0970,31,125569,6864,807,138,Yes
CUST0971,47,132370,12822,439,53,No
CUST0972,62,125167,23167,528,183,No
CUST0973,34,126172,37312,458,98,Yes
CUST0974,67,98647,9372,608,106,Yes
CUST0975,41,72965,44248,618,344,Yes
CUST0976,28,106577,28708,306,303,No
CUST0977,56,61888,43080,796,65,No
CUST0978,56,109228,36489,505,334,No
CUST0979,65,38340,42065,417,20,Yes
CUST0980,63,114540,33578,368,252,No
CUST0981,25,23336,21902,300,123,Yes
CUST0982,67,105904,46156,456,76,No
CUST0983,70,85191,49951,423,98,No
CUST0984,28,58745,36197,832,272,No
CUST0985,37,54003,12837,399,134,Yes
CUST0986,24,138870,29458,553,220,No
CUST0987,55,74862,38588,509,14,No
CUST0988,19,73031,42700,406,360,Yes
CUST0989,37,70891,6149,785,279,Yes
CUST0990,54,116564,22009,325,151,No
CUST0991,61,24629,15672,817,307,No
CUST0992,42,96418,43119,754,108,Yes
CUST0993,43,112808,8834,700,264,No
CUST0994,63,94978,14577,356,292,Yes
CUST0995,30,126956,25950,424,133,No
CUST0996,22,44892,35214,607,42,No
CUST0997,55,64979,13879,714,232,No
CUST0998,62,115230,28421,795,120,No
CUST0999,71,113502,15702,488,325,Yes
CUST1000,58,49145,8466,540,353,Yes
CUST1001,33,109957,22869,566,210,No
CUST1002,24,90075,28669,749,110,Yes
CUST1003,62,103665,32493,426,282,Yes
CUST1004,67,122878,46697,742,161,No
CUST1005,37,82355,28329,449,188,Yes
CUST1006,72,138820,8192,322,81,No
CUST1007,61,143295,23996,489,219,No
CUST1008,56,108063,24114,445,314,Yes
CUST1009,69,66988,39708,546,222,Yes
CUST1010,25,86494,46873,474,308,Yes
CUST1011,68,59347,10034,823,159,Yes
CUST1012,54,130810,38676,505,149,No
CUST1013,68,42280,17701,787,139,Yes
CUST1014,20,130184,46158,791,327,Yes
CUST1015,40,106194,17009,596,75,No
CUST1016,52,134883,11193,596,227,Yes
CUST1017,45,93170,44240,402,142,Yes
CUST1018,60,43741,15953,804,343,No
CUST1019,41,58506,40632,676,321,No
CUST1020,22,32793,26142,581,266,Yes
CUST1021,50,81706,25723,700,12,Yes
CUST1022,59,36769,49890,695,70,Yes
CUST1023,39,117113,24731,409,219,No
CUST1024,18,53902,22790,775,314,No
CUST1025,72,115051,49921,726,109,No
CUST1026,44,125951,28758,735,141,Yes
CUST1027,70,93273,11280,451,77,No
CUST1028,49,119997,40023,328,307,Yes
CUST1029,24,139619,43013,590,106,No
CUST1030,45,43995,28044,768,340,Yes
CUST1031,41,144115,14418,423,309,No
CUST1032,58,109091,5845,698,73,Yes
CUST1033,75,137911,13975,311,355,No
CUST1034,71,63992,38958,610,139,Yes
CUST1035,47,105778,23442,334,79,Yes
CUST1036,63,31704,29445,755,32,No
CUST1037,27,49131,36778,343,130,No
CUST1038,45,66567,32000,663,139,Yes
CUST1039,29,49272,27302,442,35,No
CUST1040,64,117545,15684,779,48,No
CUST1041,51,134220,11712,769,214,Yes
CUST1042,59,60250,19278,583,80,No
CUST1043,35,75112,15128,309,123,Yes
CUST1044,57,123296,37989,462,153,Yes
CUST1045,69,136240,19490,666,69,Yes
CUST1046,52,63426,17348,812,306,Yes
CUST1047,67,68717,41612,815,13,Yes
CUST1048,48,54152,45201,515,345,Yes
CUST1049,47,96751,39449,657,119,Yes
CUST1050,45,58541,39871,837,68,No
CUST1051,70,80786,41117,699,19,Yes
CUST1052,64,131570,12468,825,223,Yes
CUST1053,55,35437,32351,364,66,Yes
CUST1054,35,81674,35178,478,186,Yes
CUST1055,38,27035,10006,455,117,Yes
CUST1056,72,133559,12639,660,240,Yes
CUST1057,33,103151,13600,647,85,Yes
CUST1058,71,96490,6138,770,87,Yes
CUST1059,23,96062,36425,443,343,Yes
CUST1060,35,143771,27820,585,75,No
CUST1061,74,101350,25419,610,200,No
CUST1062,46,29334,28761,703,178,Yes
CUST1063,33,81894,14110,369,222,No
CUST1064,66,136578,33962,795,205,Yes
CUST1065,47,45499,44167,685,349,No
CUST1066,54,85598,39283,783,277,No
CUST1067,57,35704,27416,484,360,No
CUST1068,60,133704,16285,819,152,No
CUST1069,42,109220,24967,838,239,No
CUST1070,39,70026,6884,565,351,Yes
CUST1071,19,89446,12772,432,115,Yes
CUST1072,49,59106,19572,631,337,Yes
CUST1073,72,74146,13435,656,86,No
CUST1074,38,27086,14329,713,117,No
CUST1075,29,134143,19848,369,211,Yes
CUST1076,49,131966,25147,346,192,No
CUST1077,31,39762,13214,330,108,No
CUST1078,40,38004,18752,462,352,No
CUST1079,69,46253,13533,537,351,Yes
CUST1080,34,64914,10151,398,136,Yes
CUST1081,39,73633,32840,408,262,Yes
CUST1082,35,149393,12321,811,262,No
CUST1083,74,94632,10094,787,152,Yes
CUST1084,56,137026,6232,631,235,No
CUST1085,62,138832,36736,537,37,No
CUST1086,74,149322,33262,542,141,No
CUST1087,35,79974,7786,407,13,Yes
CUST1088,53,38772,17868,478,233,No
CUST1089,18,61469,12065,693,249,No
CUST1090,51,133035,7149,730,93,No
CUST1091,30,113804,48239,365,43,No
CUST1092,23,43639,38651,363,42,No
CUST1093,33,122097,43874,556,246,No
CUST1094,64,30592,8884,417,280,No
CUST1095,44,83908,35741,338,160,Yes
CUST1096,49,63598,12793,374,116,No
CUST1097,53,102710,21581,752,223,Yes
CUST1098,66,149320,7836,683,68,Yes
CUST1099,33,43176,9341,330,159,No
CUST1100,62,61079,24768,478,84,Yes
CUST1101,48,103165,48750,628,157,Yes
CUST1102,59,27603,5673,410,155,Yes
CUST1103,63,20617,11324,760,102,No
CUST1104,49,79251,13112,686,230,Yes
CUST1105,46,55851,44439,436,19,Yes
CUST1106,68,47444,18461,504,254,Yes
CUST1107,19,119771,43509,500,283,Yes
CUST1108,23,121389,18108,558,45,Yes
CUST1109,36,42099,17109,802,312,Yes
CUST1110,32,95534,48948,748,244,No
CUST1111,43,120202,28038,592,190,Yes
CUST1112,62,40766,6917,530,167,Yes
CUST1113,33,84169,10949,506,341,No
CUST1114,37,122919,14539,465,126,Yes
CUST1115,60,120082,23178,744,242,No
CUST1116,55,122203,42994,841,114,Yes
CUST1117,41,31539,27795,496,153,Yes
CUST1118,48,36961,28081,388,256,No
CUST1119,53,100541,15522,324,211,No
CUST1120,51,76847,37809,398,150,Yes
CUST1121,40,103032,45170,508,94,Yes
CUST1122,45,76283,20848,334,257,No
CUST1123,65,72873,38089,443,124,No
CUST1124,53,76233,42370,305,236,Yes
CUST1125,39,146527,9478,668,80,No
CUST1126,40,82573,11494,717,20,No
CUST1127,62,70242,42888,373,132,Yes
CUST1128,47,20611,5916,648,342,Yes
CUST1129,35,24944,39657,489,260,Yes
CUST1130,37,89963,19221,840,208,Yes
CUST1131,34,46137,17553,808,124,Yes
CUST1132,32,115768,23471,494,294,Yes
CUST1133,25,68903,16257,512,272,Yes
CUST1134,64,144527,40201,785,340,No
CUST1135,30,21845,5283,812,86,No
CUST1136,38,136917,11467,660,68,No
CUST1137,25,62233,19025,665,149,Yes
CUST1138,65,119201,38042,441,201,Yes
CUST1139,52,129212,36110,368,279,Yes
CUST1140,66,89603,29016,749,142,Yes
CUST1141,62,44979,43625,737,62,Yes
CUST1142,29,22348,17132,685,151,No
CUST1143,30,108702,33813,372,349,Yes
CUST1144,31,20540,49140,380,276,Yes
CUST1145,65,102141,12033,430,170,No
CUST1146,48,116154,16852,829,218,Yes
CUST1147,35,52613,28253,605,22,No
CUST1148,64,49657,29878,403,44,Yes
CUST1149,55,110901,32793,420,302,Yes
CUST1150,66,134948,19042,810,66,Yes
CUST1151,51,65134,38701,536,135,No
CUST1152,56,60906,19912,352,156,Yes
CUST1153,36,36899,31711,638,141,No
CUST1154,24,33462,12395,323,137,Yes
CUST1155,71,70272,25596,529,354,No
CUST1156,30,85973,13101,596,296,Yes
CUST1157,36,97158,35533,557,326,Yes
CUST1158,32,60123,12229,699,306,Yes
CUST1159,41,41891,39060,666,283,No
CUST1160,29,28557,13907,369,105,Yes
CUST1161,37,127982,37493,461,333,No
CUST1162,18,25992,28674,594,266,Yes
CUST1163,63,59085,23892,376,282,Yes
CUST1164,52,144316,41512,847,13,Yes
CUST1165,26,58119,7661,547,88,No
CUST1166,35,79759,10390,830,22,No
CUST1167,20,115398,26503,812,179,No
CUST1168,21,88195,37355,619,295,Yes
CUST1169,53,98167,12583,708,226,No
CUST1170,36,88697,30217,358,302,No
CUST1171,62,64280,23586,413,186,Yes
CUST1172,26,76841,34946,782,12,Yes
CUST1173,58,136388,44347,569,258,Yes
CUST1174,73,110017,25447,330,111,Yes
CUST1175,66,37536,34095,333,107,No
CUST1176,49,64922,19802,646,67,Yes
CUST1177,24,138146,41301,731,168,Yes
CUST1178,73,84248,31691,567,229,No
CUST1179,18,67087,24044,505,140,No
CUST1180,54,118319,33046,642,151,Yes
CUST1181,36,44697,17372,360,312,No
CUST1182,48,41611,9561,442,114,Yes
CUST1183,48,144267,36173,509,333,No
CUST1184,46,138868,49507,637,217,Yes
CUST1185,39,140351,29080,363,354,No
CUST1186,29,126431,16750,541,320,No
CUST1187,21,72873,5837,805,301,Yes
CUST1188,34,22506,49181,374,300,Yes
CUST1189,73,49939,37220,336,194,No
CUST1190,48,49402,49046,654,61,No
CUST1191,25,115311,11892,372,206,Yes
CUST1192,70,149090,30976,726,253,Yes
CUST1193,22,37197,33708,382,331,Yes
CUST1194,43,47681,39253,790,112,Yes
CUST1195,49,116216,48158,432,137,Yes
CUST1196,22,22872,49336,577,178,Yes
CUST1197,54,97292,10570,342,35,Yes
CUST1198,58,86143,12813,406,184,Yes
CUST1199,61,42149,14395,336,194,Yes
CUST1200,21,36143,30874,808,253,Yes
CUST1201,27,68049,31255,819,135,Yes
CUST1202,27,113206,43702,530,284,No
CUST1203,69,105267,11666,658,182,Yes
CUST1204,54,123825,16057,741,264,No
CUST1205,37,24897,9240,789,128,Yes
CUST1206,23,69177,28836,610,232,No
CUST1207,33,134890,18047,533,299,No
CUST1208,25,103928,27192,321,20,Yes
CUST1209,53,53526,18124,356,51,No
CUST1210,66,121089,43991,326,64,No
CUST1211,44,90088,31495,500,301,No
CUST1212,56,101675,13045,847,82,No
CUST1213,56,26368,20261,688,130,Yes
CUST1214,68,97846,32833,318,222,Yes
CUST1215,57,26286,37709,793,34,No
CUST1216,32,106765,23252,353,116,No
CUST1217,67,34170,43136,696,251,Yes
CUST1218,51,105664,43905,686,223,Yes
CUST1219,42,129591,22889,428,285,Yes
CUST1220,46,22587,47194,740,49,No
CUST1221,46,26322,31229,737,64,Yes
CUST1222,37,110406,28337,441,360,Yes
CUST1223,73,35176,36183,418,292,Yes
CUST1224,55,74627,48691,748,237,No
CUST1225,45,78237,44529,420,81,No
CUST1226,37,69840,31505,676,125,No
CUST1227,54,36199,36754,660,121,Yes
CUST1228,57,91733,38516,498,123,No
CUST1229,21,53126,23277,651,201,Yes
CUST1230,57,82180,14658,747,61,No
CUST1231,65,111995,34794,359,30,No
CUST1232,24,40070,12080,543,143,Yes
CUST1233,66,46934,13007,537,17,No
CUST1234,31,111120,21429,394,312,No
CUST1235,58,109881,37069,310,221,No
CUST1236,31,102616,37589,532,73,Yes
CUST1237,34,21219,20127,722,155,Yes
CUST1238,60,59467,46180,849,341,Yes
CUST1239,23,75164,13821,346,313,No
CUST1240,28,106725,6947,315,242,No
CUST1241,33,33235,11527,555,119,No
CUST1242,29,106832,8463,358,59,No
CUST1243,53,88197,9471,378,186,No
CUST1244,22,55386,37645,358,133,Yes
CUST1245,28,101631,49440,429,325,No
CUST1246,18,99381,6753,749,72,Yes
CUST1247,44,111845,16737,484,59,Yes
CUST1248,46,37978,30076,589,140,No
CUST1249,62,74896,44622,344,318,No
CUST1250,56,128875,49512,621,286,Yes
CUST1251,48,137784,26427,658,334,No
CUST1252,36,33751,15009,550,135,Yes
CUST1253,20,87054,24841,599,34,No
CUST1254,32,114210,45761,432,255,No
CUST1255,36,100962,45844,707,153,Yes
CUST1256,63,35431,11313,790,289,No
CUST1257,36,57054,10014,425,97,No
CUST1258,62,34943,48324,378,348,Yes
CUST1259,73,122860,39075,378,15,No
CUST1260,47,33928,37256,556,262,No
CUST1261,22,85239,35541,510,122,Yes
CUST1262,61,46037,18233,806,222,Yes
CUST1263,32,99823,24238,665,181,No
CUST1264,34,46181,48390,525,63,No
CUST1265,68,121968,37630,754,57,No
CUST1266,68,54471,37129,609,269,Yes
CUST1267,58,128986,38082,675,310,No
CUST1268,55,88569,22148,599,129,No
CUST1269,60,147548,40549,550,306,No
CUST1270,69,46433,27519,839,154,Yes
CUST1271,30,66913,40424,573,12,No
CUST1272,45,112200,40823,626,230,No
CUST1273,25,73707,6158,815,190,No
CUST1274,52,58712,7070,406,194,Yes
CUST1275,32,41020,33207,355,243,Yes
CUST1276,59,25164,12807,654,296,No
CUST1277,27,91845,30141,720,96,No
CUST1278,35,85058,34498,797,25,No
CUST1279,70,139322,25614,586,61,No
CUST1280,27,47222,29663,380,333,No
CUST1281,22,110204,34003,508,304,No
CUST1282,21,142306,35124,440,22,No
CUST1283,28,83001,7358,833,353,No
CUST1284,68,63332,7153,536,152,Yes
CUST1285,37,50737,16591,612,110,Yes
CUST1286,56,20358,41481,515,100,No
CUST1287,65,21671,48215,425,92,Yes
CUST1288,70,108032,24860,681,131,No
CUST1289,54,31665,15757,445,35,No
CUST1290,36,138866,37209,336,103,Yes
CUST1291,46,34474,33225,540,112,No
CUST1292,25,129475,13813,750,119,No
CUST1293,47,95255,25477,764,113,No
CUST1294,62,107690,30498,416,79,Yes
CUST1295,37,84763,36945,321,163,No
CUST1296,62,39548,12168,810,247,Yes
CUST1297,43,144445,42280,334,43,No
CUST1298,35,31807,49238,576,350,No
CUST1299,50,122174,37148,584,242,Yes
CUST1300,52,87070,48258,693,127,No
CUST1301,49,29836,41292,607,328,No
CUST1302,46,114838,49916,386,80,No
CUST1303,23,114840,40349,361,28,Yes
CUST1304,56,33276,42500,585,72,Yes
CUST1305,20,138591,35790,693,116,No
CUST1306,74,53540,36189,807,199,Yes
CUST1307,45,104454,41847,319,333,No
CUST1308,65,50298,15243,691,165,Yes
CUST1309,38,79867,38206,693,233,Yes
CUST1310,56,149586,8652,754,90,Yes
CUST1311,34,148095,30649,345,44,Yes
CUST1312,19,58800,22261,529,93,No
CUST1313,23,54619,37420,510,254,Yes
CUST1314,32,80853,43734,688,205,No
CUST1315,61,26564,29759,488,15,Yes
CUST1316,71,33082,45431,741,99,No
CUST1317,73,126584,49334,845,203,No
CUST1318,54,42898,28118,353,29,No
CUST1319,55,134575,23640,612,284,Yes
CUST1320,19,25170,26003,332,101,Yes
CUST1321,66,131705,9025,656,227,Yes
CUST1322,61,58085,6844,326,67,No
CUST1323,70,67214,43696,644,55,No
CUST1324,35,125066,7956,568,92,No
CUST1325,54,108705,13401,521,120,Yes
CUST1326,20,60987,29013,328,49,Yes
CUST1327,66,75836,27863,649,90,Yes
CUST1328,66,116801,43270,744,224,Yes
CUST1329,29,35191,6762,737,67,Yes
CUST1330,48,32451,45970,358,234,No
CUST1331,51,131574,27364,411,129,No
CUST1332,59,119379,29941,697,97,No
CUST1333,46,136692,11379,594,148,Yes
CUST1334,35,26014,33059,847,278,No
CUST1335,29,21267,27619,774,296,No
CUST1336,55,131673,28420,734,358,Yes
CUST1337,45,38139,31996,831,283,No
CUST1338,58,106947,28020,566,314,No
CUST1339,70,104829,8699,466,311,Yes
CUST1340,49,42349,48335,690,180,Yes
CUST1341,23,63078,21005,778,243,Yes
CUST1342,48,66861,21227,543,92,No
CUST1343,40,137247,20376,435,316,No
CUST1344,44,77372,47472,315,284,Yes
CUST1345,39,145185,25453,587,350,Yes
CUST1346,38,101501,43832,580,302,Yes
CUST1347,60,55167,10566,387,122,Yes
CUST1348,24,135143,9292,555,241,Yes
CUST1349,72,116084,24982,602,229,No
CUST1350,28,32183,12501,645,100,No
CUST1351,39,68840,27124,704,324,No
CUST1352,44,126818,16126,339,239,Yes
CUST1353,62,64921,6291,580,154,No
CUST1354,49,43969,40285,670,173,Yes
CUST1355,36,34920,26372,575,145,Yes
CUST1356,60,72530,7449,556,322,No
CUST1357,43,72461,35206,312,121,No
CUST1358,70,146131,48107,427,22,No
CUST1359,66,79839,32687,614,112,Yes
CUST1360,53,55629,42227,628,219,No
CUST1361,20,129537,38735,570,163,Yes
CUST1362,47,70556,32601,483,204,No
CUST1363,23,110426,22473,754,286,No
CUST1364,38,131499,6337,773,250,No
CUST1365,34,82684,35782,317,58,No
CUST1366,38,124844,43534,750,309,Yes
CUST1367,25,75278,6457,309,71,No
CUST1368,67,105045,25743,777,76,Yes
CUST1369,43,136146,29755,337,39,Yes
CUST1370,73,124452,42378,667,129,No
CUST1371,50,41860,30578,791,285,Yes
CUST1372,70,34818,26130,523,69,No
CUST1373,18,37368,42521,718,298,Yes
CUST1374,60,111248,11404,359,257,Yes
CUST1375,73,115212,37005,381,214,Yes
CUST1376,52,27686,11557,583,344,Yes
CUST1377,47,148656,49244,621,309,No
CUST1378,44,143531,18494,365,81,No
CUST1379,21,130670,27017,751,39,Yes
CUST1380,30,40892,37553,484,277,Yes
CUST1381,51,33593,37949,564,104,Yes
CUST1382,41,74529,48737,582,287,No
CUST1383,57,139436,27252,565,130,No
CUST1384,66,97430,15920,806,76,No
CUST1385,49,83265,45293,430,135,No
CUST1386,58,125154,24629,532,37,Yes
CUST1387,46,94572,28811,478,272,Yes
CUST1388,66,108918,33573,450,322,No
CUST1389,21,77430,18222,350,290,No
CUST1390,31,43758,37568,538,49,No
CUST1391,35,100127,46644,417,135,No
CUST1392,53,69774,9936,339,287,No
CUST1393,26,122126,40116,488,294,No
CUST1394,36,67002,19029,818,54,No
CUST1395,46,100131,23832,750,185,Yes
CUST1396,74,23777,22377,624,280,No
CUST1397,62,133059,8115,342,287,Yes
CUST1398,49,109714,24485,533,59,No
CUST1399,25,135336,42586,362,144,Yes
CUST1400,19,129908,31347,565,145,Yes
CUST1401,58,115325,19803,563,182,Yes
CUST1402,56,147591,45931,316,293,No
CUST1403,69,136885,11026,661,81,No
CUST1404,33,37125,42892,345,103,No
CUST1405,63,83318,11208,540,34,No
CUST1406,28,140638,43788,658,230,Yes
CUST1407,37,83979,27075,411,263,No
CUST1408,53,34802,22915,379,117,No
CUST1409,18,136338,9408,819,83,Yes
CUST1410,53,73907,42121,754,124,Yes
CUST1411,44,77761,39803,415,337,Yes
CUST1412,23,26025,36147,823,57,Yes
CUST1413,32,28301,32990,379,277,Yes
CUST1414,71,54290,18745,542,87,No
CUST1415,25,105848,27761,508,331,Yes
CUST1416,47,61187,10024,633,238,Yes
CUST1417,25,21620,47699,680,48,No
CUST1418,59,112349,24781,725,228,No
CUST1419,71,133814,38072,373,336,Yes
CUST1420,27,108857,24654,736,291,No
CUST1421,49,88788,33371,589,53,No
CUST1422,63,120601,48480,446,176,No
CUST1423,36,117468,40386,325,247,No
CUST1424,50,95582,25535,634,96,No
CUST1425,63,114866,18112,668,360,No
CUST1426,35,94057,32152,643,153,No
CUST1427,44,49358,31365,717,184,No
CUST1428,71,148174,21466,683,27,No
CUST1429,48,145273,45957,781,28,Yes
CUST1430,48,107797,38775,601,17,No
CUST1431,33,134444,34702,331,25,No
CUST1432,47,64341,49011,464,352,Yes
CUST1433,53,88039,40885,677,24,Yes
CUST1434,27,88564,16835,345,27,Yes
CUST1435,42,110209,6219,597,54,Yes
CUST1436,30,111826,46146,453,177,No
CUST1437,56,101033,38831,326,96,Yes
CUST1438,50,32483,17225,408,338,No
CUST1439,65,76734,42804,516,311,Yes
CUST1440,74,106732,37715,620,53,Yes
CUST1441,26,115243,18956,823,54,No
CUST1442,73,52581,48306,820,109,No
CUST1443,22,83167,35624,652,258,No
CUST1444,35,65318,22559,520,62,Yes
CUST1445,67,106993,46807,687,236,Yes
CUST1446,68,108643,39912,333,287,Yes
CUST1447,72,104070,45266,453,343,Yes
CUST1448,44,70446,33424,690,202,Yes
CUST1449,39,39484,42101,380,41,Yes
CUST1450,68,129973,46075,379,334,No
CUST1451,50,128322,8924,529,321,Yes
CUST1452,35,93183,39227,815,25,Yes
CUST1453,70,136924,18149,728,88,Yes
CUST1454,18,149471,28873,424,192,Yes
CUST1455,36,100335,35309,840,172,No
CUST1456,64,27152,14682,352,206,Yes
CUST1457,37,21526,20753,783,356,Yes
CUST1458,71,104331,14861,837,70,No
CUST1459,55,142469,49912,832,270,No
CUST1460,55,40568,24678,751,342,Yes
CUST1461,60,86265,33533,624,160,No
CUST1462,49,131259,31886,575,161,No
CUST1463,73,81510,25883,499,145,Yes
CUST1464,27,131656,9222,600,93,No
CUST1465,46,84990,46545,549,55,No
CUST1466,52,133956,18340,636,291,No
CUST1467,48,41679,32029,548,87,No
CUST1468,40,29812,22493,670,319,Yes
CUST1469,39,118491,23811,536,354,Yes
CUST1470,53,84441,47339,766,307,No
CUST1471,66,62026,15524,622,288,Yes
CUST1472,52,51574,21806,418,256,No
CUST1473,42,63371,44402,546,159,Yes
CUST1474,47,147158,20475,755,263,No
CUST1475,38,56458,31598,719,279,Yes
CUST1476,73,26599,20629,670,51,No
CUST1477,30,86444,12442,381,89,Yes
CUST1478,62,49190,14827,660,101,No
CUST1479,33,92154,17577,817,159,No
CUST1480,54,104320,6815,378,268,No
CUST1481,42,69628,21094,670,330,Yes
CUST1482,32,72858,25351,795,33,No
CUST1483,72,127099,35419,535,172,Yes
CUST1484,67,50801,36810,759,206,Yes
CUST1485,44,30332,41688,728,252,No
CUST1486,20,80174,33582,535,32,Yes
CUST1487,38,78220,32657,428,271,Yes
CUST1488,65,125022,47396,850,234,No
CUST1489,48,95108,7425,550,251,No
CUST1490,63,78733,18237,717,25,Yes
CUST1491,69,31536,15443,441,34,No
CUST1492,42,132274,22872,566,318,No
CUST1493,42,85333,13941,593,37,No
CUST1494,60,78598,6909,649,13,No
CUST1495,68,61426,21934,621,350,No
CUST1496,70,35559,23204,420,145,No
CUST1497,59,148538,48166,383,137,Yes
CUST1498,27,85191,41091,718,205,No
CUST1499,49,117679,16533,731,188,Yes
CUST1500,20,105638,47224,817,337,No
CUST1501,26,22329,7767,451,186,Yes
CUST1502,50,33453,36840,806,57,No
CUST1503,55,72879,6304,502,197,No
CUST1504,39,74046,8625,484,276,No
CUST1505,73,24696,10500,764,152,Yes
CUST1506,24,93024,25572,315,283,No
CUST1507,73,91971,44426,470,88,Yes
CUST1508,72,20022,24528,423,219,No
CUST1509,46,128253,9166,728,205,No
CUST1510,24,31913,31673,569,300,No
CUST1511,51,123780,28818,781,74,Yes
CUST1512,47,99194,49018,403,132,No
CUST1513,18,146244,48085,429,223,No
CUST1514,64,101142,10918,334,88,Yes
CUST1515,27,103563,31010,741,149,Yes
CUST1516,44,59924,14211,324,273,No
CUST1517,73,136668,20469,470,128,Yes
CUST1518,59,86628,12335,374,176,No
CUST1519,27,93706,42419,435,201,Yes
CUST1520,22,47112,37784,827,350,Yes
CUST1521,48,105799,12906,842,37,Yes
CUST1522,68,108011,39207,697,199,Yes
CUST1523,34,79796,48530,732,170,Yes
CUST1524,39,144564,43038,662,99,No
CUST1525,57,64676,39423,430,307,Yes
CUST1526,62,67624,21502,711,204,Yes
CUST1527,43,128175,37535,547,33,Yes
CUST1528,59,27113,10914,600,294,Yes
CUST1529,23,127031,20602,421,32,Yes
CUST1530,72,49218,44309,644,332,No
CUST1531,39,130666,13013,644,252,Yes
CUST1532,72,79566,25539,410,39,No
CUST1533,61,63512,26580,346,220,Yes
CUST1534,72,93420,43294,375,118,Yes
CUST1535,52,120586,30555,663,135,No
CUST1536,42,101232,20462,759,222,Yes
CUST1537,38,98636,32713,718,320,No
CUST1538,58,82014,19287,760,326,No
CUST1539,63,113933,14455,746,297,Yes
CUST1540,74,106136,12000,596,247,Yes
CUST1541,66,67617,16478,788,328,No
CUST1542,49,113836,19031,437,193,No
CUST1543,73,79314,22992,487,20,Yes
CUST1544,52,34945,33801,821,331,No
CUST1545,20,32771,31763,385,337,Yes
CUST1546,57,119525,21666,455,281,No
CUST1547,22,106364,43632,307,106,Yes
CUST1548,33,49064,8665,678,76,Yes
CUST1549,58,20287,37136,764,45,No
CUST1550,61,64742,39961,688,43,No
CUST1551,36,66548,29556,628,149,No
CUST1552,32,128774,12403,749,36,No
CUST1553,65,103055,25741,480,74,Yes
CUST1554,23,146410,40765,820,212,No
CUST1555,45,124846,32772,586,141,Yes
CUST1556,24,58270,36120,399,282,No
CUST1557,66,91786,49743,537,75,Yes
CUST1558,58,88417,21144,604,296,Yes
CUST1559,63,69006,23201,805,282,Yes
CUST1560,73,112025,14496,649,14,No
CUST1561,24,33935,28789,349,145,No
CUST1562,46,26000,36144,830,332,No
CUST1563,28,137555,29100,837,144,Yes
CUST1564,62,41516,25196,820,341,No
CUST1565,37,84542,6381,736,102,No
CUST1566,75,38408,47296,592,292,No
CUST1567,19,127720,44702,630,254,No
CUST1568,20,113959,7281,693,267,Yes
CUST1569,38,117322,48399,626,139,No
CUST1570,68,114576,8583,482,276,No
CUST1571,21,73636,49013,446,111,No
CUST1572,36,34019,20707,342,205,Yes
CUST1573,40,53330,21579,515,108,No
CUST1574,41,100065,41223,740,282,Yes
CUST1575,45,45679,30211,831,343,No
CUST1576,27,44581,25268,584,44,Yes
CUST1577,33,35826,46874,621,216,Yes
CUST1578,51,141925,28780,401,149,No
CUST1579,44,131698,49908,655,136,Yes
CUST1580,54,71497,12998,591,91,No
CUST1581,61,48257,40055,469,356,No
CUST1582,68,79905,20491,421,45,No
CUST1583,29,128075,33993,594,84,No
CUST1584,28,122422,30458,580,216,No
CUST1585,29,44979,5515,798,328,Yes
CUST1586,23,113950,30754,749,359,Yes
CUST1587,57,64293,21746,529,163,Yes
CUST1588,73,34125,24719,473,99,Yes
CUST1589,42,119241,10914,595,279,Yes
CUST1590,57,74325,20431,565,304,No
CUST1591,61,26094,24491,408,342,No
CUST1592,33,141454,18787,537,354,Yes
CUST1593,49,103000,15500,585,353,Yes
CUST1594,55,129768,33760,444,169,Yes
CUST1595,27,108098,46376,398,220,No
CUST1596,32,97176,25786,511,164,Yes
CUST1597,47,36150,47233,820,93,Yes
CUST1598,58,121206,31626,472,22,Yes
CUST1599,34,136884,7220,328,136,No
CUST1600,47,79048,22959,340,226,No
CUST1601,34,79950,10249,850,78,No
CUST1602,60,106305,37223,499,200,Yes
CUST1603,18,97242,35873,306,282,No
CUST1604,75,145329,32063,800,232,No
CUST1605,69,86086,26805,326,121,No
CUST1606,47,37647,32680,678,65,No
CUST1607,75,146334,11579,508,170,No
CUST1608,36,85382,15508,588,140,No
CUST1609,61,20568,22102,736,54,No
CUST1610,52,89515,38183,755,248,Yes
CUST1611,28,116497,9349,833,32,No
CUST1612,22,26366,28059,429,211,No
CUST1613,46,92512,32582,764,161,No
CUST1614,40,142592,44460,602,335,No
CUST1615,55,76729,40895,412,211,Yes
CUST1616,37,129945,26415,422,92,Yes
CUST1617,58,96692,34704,755,193,Yes
CUST1618,45,83298,6792,742,203,Yes
CUST1619,62,141159,8414,805,160,Yes
CUST1620,34,86628,47033,569,33,Yes
CUST1621,47,122377,47047,388,107,No
CUST1622,72,140738,17041,440,218,No
CUST1623,37,139299,46297,585,129,Yes
CUST1624,30,43226,34058,419,357,Yes
CUST1625,42,110677,47015,662,200,No
CUST1626,72,95832,13918,380,186,Yes
CUST1627,48,42760,5201,527,290,No
CUST1628,24,115747,31257,376,107,Yes
CUST1629,33,126855,18112,634,162,No
CUST1630,42,36827,46176,460,110,Yes
CUST1631,54,33573,25024,819,23,No
CUST1632,40,70778,25560,643,354,No
CUST1633,54,106182,42736,582,55,No
CUST1634,36,98714,10389,764,252,No
CUST1635,62,99450,12263,825,205,Yes
CUST1636,36,135696,15343,375,169,No
CUST1637,19,62184,21358,622,222,Yes
CUST1638,71,86074,38840,339,155,No
CUST1639,60,135525,47544,743,160,No
CUST1640,43,70418,13525,402,274,Yes
CUST1641,35,74875,43929,833,306,No
CUST1642,18,148385,49941,625,283,Yes
CUST1643,54,99822,31890,494,270,Yes
CUST1644,73,140050,25932,336,23,Yes
CUST1645,61,110769,34588,308,127,Yes
CUST1646,67,119925,36350,551,67,Yes
CUST1647,65,52537,13749,440,200,Yes
CUST1648,21,55860,22083,685,135,No
CUST1649,56,72149,16369,525,296,No
CUST1650,65,146300,43864,500,268,Yes
CUST1651,49,64939,26468,571,277,Yes
CUST1652,71,147204,23467,781,103,Yes
CUST1653,75,58557,18019,455,153,No
CUST1654,75,79355,10531,796,181,Yes
CUST1655,36,125486,32164,491,80,No
CUST1656,67,37481,29091,808,250,No
CUST1657,69,38111,16920,589,324,Yes
CUST1658,32,74099,30788,434,43,Yes
CUST1659,56,98974,29728,503,356,Yes
CUST1660,69,111752,42381,390,186,Yes
CUST1661,40,136187,19711,828,31,No
CUST1662,32,118097,6358,519,160,No
CUST1663,58,87147,6505,303,339,Yes
CUST1664,30,59179,41603,744,41,No
CUST1665,57,130503,47408,368,161,No
CUST1666,34,111946,45108,802,134,Yes
CUST1667,61,91802,46066,513,116,No
CUST1668,66,132814,19988,482,122,No
CUST1669,64,61144,10831,339,118,Yes
CUST1670,67,113306,35305,728,193,Yes
CUST1671,60,116576,17993,569,111,No
CUST1672,61,142619,22156,689,281,Yes
CUST1673,71,92559,16059,540,143,No
CUST1674,26,102913,8262,657,312,Yes
CUST1675,58,48487,31282,795,173,No
CUST1676,24,46330,45501,843,74,Yes
CUST1677,75,47487,33108,484,214,No
CUST1678,58,101810,44347,607,125,Yes
CUST1679,59,113635,22049,537,84,Yes
CUST1680,20,58086,14781,599,64,No
CUST1681,37,109995,10836,796,58,Yes
CUST1682,68,65258,29112,801,60,Yes
CUST1683,46,140742,16149,701,319,Yes
CUST1684,20,108129,42174,665,244,Yes
CUST1685,55,37389,12690,792,281,Yes
CUST1686,41,148625,5925,602,250,Yes
CUST1687,64,113113,39461,398,75,Yes
CUST1688,26,105208,33518,524,290,Yes
CUST1689,23,147818,34734,415,36,No
CUST1690,36,145609,49145,594,322,No
CUST1691,38,43306,37384,729,113,Yes
CUST1692,65,86046,12766,757,135,No
CUST1693,44,91105,19711,633,315,No
CUST1694,29,111004,18313,553,58,Yes
CUST1695,30,103476,17487,735,335,Yes
CUST1696,26,62255,22445,418,359,No
CUST1697,68,113107,23871,480,113,Yes
CUST1698,52,35126,37385,775,264,Yes
CUST1699,74,119716,30039,626,122,No
CUST1700,41,66168,13532,416,80,Yes
CUST1701,51,93699,33266,655,219,Yes
CUST1702,50,82963,18540,707,341,Yes
CUST1703,35,96389,44327,431,177,No
CUST1704,71,94794,19127,795,127,No
CUST1705,28,143558,23544,800,32,Yes
CUST1706,34,107445,49380,721,220,Yes
CUST1707,70,113077,17410,540,29,No
CUST1708,48,74719,32415,329,51,Yes
CUST1709,69,108374,16820,597,54,No
CUST1710,36,118024,31773,574,325,Yes
CUST1711,65,137160,14564,819,270,No
CUST1712,73,130282,6885,520,266,Yes
CUST1713,39,89979,24018,718,179,No
CUST1714,69,57477,22157,362,211,No
CUST1715,25,135012,20432,630,60,Yes
CUST1716,47,131057,45480,567,248,No
CUST1717,22,75363,34555,625,268,No
CUST1718,27,125946,21273,721,220,Yes
CUST1719,66,21673,29224,700,294,No
CUST1720,32,88515,43201,752,280,Yes
CUST1721,73,33955,49844,735,16,Yes
CUST1722,61,23312,47417,708,17,No
CUST1723,64,69921,35026,566,106,No
CUST1724,61,39048,10618,355,118,Yes
CUST1725,43,26955,5676,574,25,Yes
CUST1726,72,107851,35728,797,27,No
CUST1727,69,27419,13729,524,312,Yes
CUST1728,53,46201,26184,647,66,Yes
CUST1729,41,54993,31054,346,183,Yes
CUST1730,23,118328,18907,615,224,No
CUST1731,68,122961,30132,758,69,No
CUST1732,43,41094,32740,719,293,No
CUST1733,18,148913,44137,526,77,Yes
CUST1734,34,57567,21792,470,317,No
CUST1735,52,109573,9787,848,280,No
CUST1736,25,52841,11244,511,18,No
CUST1737,47,39192,41503,412,137,Yes
CUST1738,41,130019,8850,637,205,Yes
CUST1739,61,28130,8415,432,182,No
CUST1740,65,110517,26814,320,253,No
CUST1741,61,122807,20390,321,338,No
CUST1742,34,58684,35863,688,266,Yes
CUST1743,55,46738,28219,392,147,No
CUST1744,42,118775,44739,641,157,Yes
CUST1745,70,90932,48960,661,317,No
CUST1746,58,24234,44205,364,73,No
CUST1747,41,67013,7982,350,224,Yes
CUST1748,24,126696,5351,831,13,Yes
CUST1749,61,79322,21623,515,329,No
CUST1750,32,33432,38065,670,360,No
CUST1751,48,100754,45609,848,121,Yes
CUST1752,19,133775,29965,503,212,No
CUST1753,57,108542,24825,460,200,Yes
CUST1754,74,116926,30866,848,324,Yes
CUST1755,53,93647,48991,705,189,Yes
CUST1756,38,133356,29307,534,80,No
CUST1757,57,49400,13666,597,41,No
CUST1758,32,117309,41671,465,51,Yes
CUST1759,59,104819,7695,682,171,No
CUST1760,22,93566,43042,639,321,Yes
CUST1761,58,70972,16755,723,48,Yes
CUST1762,70,51142,22058,520,75,No
CUST1763,47,86967,16132,554,281,No
CUST1764,62,122800,38013,313,339,No
CUST1765,37,124442,37298,336,306,Yes
CUST1766,59,124703,27228,320,158,No
CUST1767,44,111242,35676,839,67,Yes
CUST1768,25,57701,13645,404,288,No
CUST1769,26,110824,10875,813,161,Yes
CUST1770,20,107096,25795,707,127,Yes
CUST1771,20,26157,39761,796,130,No
CUST1772,37,141436,33372,343,215,No
CUST1773,49,70014,14292,460,283,No
CUST1774,25,70797,22065,589,256,Yes
CUST1775,24,74600,12657,608,187,No
CUST1776,33,145396,25530,324,25,Yes
CUST1777,74,123299,7894,535,312,Yes
CUST1778,52,147903,13380,553,83,Yes
CUST1779,26,109803,37716,334,220,No
CUST1780,42,60980,23415,578,111,No
CUST1781,47,146593,28631,426,99,Yes
CUST1782,41,92368,33186,686,92,No
CUST1783,60,27051,23541,710,122,No
CUST1784,65,21699,22250,434,322,No
CUST1785,62,117474,45169,576,320,No
CUST1786,52,52943,22285,386,270,Yes
CUST1787,44,46619,38880,378,87,No
CUST1788,55,101338,25513,375,49,Yes
CUST1789,65,133881,33558,816,134,Yes
CUST1790,64,122357,15812,725,243,Yes
CUST1791,27,132780,25679,320,152,Yes
CUST1792,74,134048,37196,315,183,Yes
CUST1793,44,78073,14913,455,184,No
CUST1794,59,128787,41416,397,226,Yes
CUST1795,24,49563,48084,700,51,Yes
CUST1796,71,139470,46723,498,59,No
CUST1797,49,103071,33835,619,142,Yes
CUST1798,57,112357,8487,631,30,No
CUST1799,44,113001,17381,735,162,No
CUST1800,35,104886,14740,824,78,Yes
CUST1801,20,68200,8576,323,278,No
CUST1802,62,118973,20064,609,286,Yes
CUST1803,41,97120,17002,580,220,Yes
CUST1804,31,91645,7350,769,33,No
CUST1805,46,116790,35818,507,199,No
CUST1806,46,99087,22054,402,334,No
CUST1807,33,45751,15718,570,22,No
CUST1808,72,121731,35614,782,184,Yes
CUST1809,41,115015,33601,685,133,Yes
CUST1810,24,146391,12603,598,264,No
CUST1811,61,45362,37434,739,214,Yes
CUST1812,41,58558,7673,395,231,Yes
CUST1813,52,78827,33935,527,234,No
CUST1814,75,43255,28364,716,35,Yes
CUST1815,59,148903,41756,585,277,No
CUST1816,40,109477,36798,794,61,No
CUST1817,21,29760,34999,591,71,No
CUST1818,43,44507,37308,846,77,No
CUST1819,35,146153,12372,818,230,Yes
CUST1820,30,42779,14702,550,21,Yes
CUST1821,25,116348,13103,691,33,Yes
CUST1822,72,87350,27911,317,110,No
CUST1823,70,35643,11132,808,40,No
CUST1824,47,69440,18351,703,278,No
CUST1825,23,25326,23619,681,116,No
CUST1826,60,76165,16839,410,196,No
CUST1827,31,56583,16029,763,211,Yes
CUST1828,59,92954,38340,529,215,Yes
CUST1829,58,54634,22877,325,323,No
CUST1830,56,37048,41912,706,57,No
CUST1831,19,41093,48459,537,25,Yes
CUST1832,21,96544,43382,757,209,No
CUST1833,68,130888,18919,678,90,Yes
CUST1834,39,53425,43243,788,245,No
CUST1835,33,20739,5270,411,49,No
CUST1836,26,63327,39472,618,176,Yes
CUST1837,68,81122,42407,640,120,Yes
CUST1838,54,113020,16833,447,63,No
CUST1839,31,142879,32290,385,101,Yes
CUST1840,22,40290,10035,397,123,Yes
CUST1841,71,25235,21132,473,142,No
CUST1842,66,40146,37644,512,186,No
CUST1843,53,141717,49361,801,194,Yes
CUST1844,31,62287,11180,555,38,Yes
CUST1845,55,98234,26538,385,232,No
CUST1846,31,26665,6701,444,272,Yes
CUST1847,70,121405,23630,712,293,Yes
CUST1848,73,142209,49650,784,105,No
CUST1849,32,101968,49606,835,235,Yes
CUST1850,39,100689,12994,538,304,No
CUST1851,67,130512,30832,360,67,No
CUST1852,27,106755,29481,805,260,No
CUST1853,68,59472,43688,558,332,Yes
CUST1854,75,84297,11951,721,260,Yes
CUST1855,56,123534,26203,618,229,Yes
CUST1856,18,95061,15077,645,299,No
CUST1857,35,92110,6892,454,341,No
CUST1858,72,66934,10312,337,85,No
CUST1859,27,29552,35161,629,330,No
CUST1860,26,122764,48223,716,119,Yes
CUST1861,52,112757,36447,305,280,No
CUST1862,34,61662,34756,574,147,Yes
CUST1863,69,88864,46179,514,160,Yes
CUST1864,29,48830,22650,800,32,Yes
CUST1865,25,145434,43941,811,71,Yes
CUST1866,60,44100,48123,620,135,Yes
CUST1867,73,88236,5380,541,167,No
CUST1868,19,28936,26589,629,295,Yes
CUST1869,26,123056,7873,772,14,No
CUST1870,18,86209,48002,794,282,Yes
CUST1871,40,40889,45787,826,241,Yes
CUST1872,68,74516,34694,383,111,Yes
CUST1873,68,91182,26293,407,187,No
CUST1874,33,90390,42300,735,164,Yes
CUST1875,55,72876,13475,379,133,No
CUST1876,38,32051,18852,684,256,No
CUST1877,19,65796,8190,430,353,Yes
CUST1878,29,48992,47181,313,293,Yes
CUST1879,34,135788,23543,465,282,No
CUST1880,21,47964,26179,832,81,Yes
CUST1881,26,106944,8639,424,220,Yes
CUST1882,65,63500,9634,470,35,Yes
CUST1883,44,63393,40858,502,120,Yes
CUST1884,51,67290,44471,748,131,Yes
CUST1885,25,58479,29994,416,342,No
CUST1886,65,48632,11065,339,203,No
CUST1887,22,144558,31139,734,326,No
CUST1888,48,118652,21722,807,75,Yes
CUST1889,46,101039,16666,474,39,Yes
CUST1890,67,89533,20733,837,64,No
CUST1891,41,82240,31143,798,353,No
CUST1892,50,93575,10845,443,201,Yes
CUST1893,55,127962,6344,728,243,Yes
CUST1894,24,118583,18646,708,21,Yes
CUST1895,46,148599,15678,309,322,No
CUST1896,50,105105,30460,603,36,No
CUST1897,32,21153,31371,420,271,Yes
CUST1898,57,35036,23673,745,200,Yes
CUST1899,20,107679,47412,601,301,Yes
CUST1900,64,65351,47864,577,309,No
CUST1901,68,78414,15101,835,45,No
CUST1902,73,51502,12903,630,160,Yes
CUST1903,60,138554,24565,680,158,Yes
CUST1904,51,104182,37168,469,305,Yes
CUST1905,37,100439,33335,444,105,No
CUST1906,47,140403,25322,597,20,No
CUST1907,59,101412,49889,835,243,Yes
CUST1908,19,51958,44551,509,142,Yes
CUST1909,21,145684,13604,680,310,Yes
CUST1910,48,25226,28530,831,96,No
CUST1911,72,109463,48615,557,218,No
CUST1912,43,136085,11298,783,318,Yes
CUST1913,45,62065,29081,773,305,No
CUST1914,61,69987,38597,515,331,Yes
CUST1915,24,140053,18098,638,332,No
CUST1916,49,124360,37087,438,227,No
CUST1917,63,143861,34192,468,331,No
CUST1918,46,34860,30433,836,305,Yes
CUST1919,22,70577,36223,785,204,Yes
CUST1920,75,53631,22595,310,348,Yes
CUST1921,23,90809,41900,625,163,No
CUST1922,38,114892,44343,726,294,Yes
CUST1923,56,57070,32726,483,340,No
CUST1924,27,23238,10912,453,321,No
CUST1925,22,139450,32691,781,319,Yes
CUST1926,26,87746,29132,368,358,Yes
CUST1927,35,127755,45230,305,359,No
CUST1928,57,120990,17213,619,245,Yes
CUST1929,58,69146,33449,492,57,No
CUST1930,55,87411,46332,504,279,Yes
CUST1931,53,125226,32919,396,163,Yes
CUST1932,63,86680,11091,850,86,No
CUST1933,38,78400,7650,769,286,Yes
CUST1934,42,83806,38642,638,199,Yes
CUST1935,56,25747,27396,396,308,Yes
CUST1936,51,58854,35377,362,208,Yes
CUST1937,36,137739,49331,779,338,Yes
CUST1938,47,105397,19695,460,303,No
CUST1939,50,45232,47441,368,139,No
CUST1940,56,61984,49973,658,87,No
CUST1941,45,87357,15162,531,181,Yes
CUST1942,24,30793,37461,653,301,No
CUST1943,68,144284,39555,314,64,Yes
CUST1944,62,32577,46258,497,162,Yes
CUST1945,25,41940,47416,581,22,No
CUST1946,72,147353,39385,591,268,Yes
CUST1947,59,145341,10503,736,170,Yes
CUST1948,59,121360,24051,613,303,No
CUST1949,74,90513,35685,676,328,No
CUST1950,67,89888,33662,712,111,Yes
CUST1951,53,20960,10189,560,101,Yes
CUST1952,64,102173,36300,507,109,Yes
CUST1953,73,28581,24686,379,67,Yes
CUST1954,31,47627,14739,456,106,Yes
CUST1955,45,107862,13374,405,126,No
CUST1956,46,102511,49847,521,162,Yes
CUST1957,74,121394,24687,586,84,No
CUST1958,32,47941,21295,482,232,No
CUST1959,44,133370,39281,569,218,Yes
CUST1960,39,109837,33031,404,300,Yes
CUST1961,70,75601,24364,429,298,No
CUST1962,47,129532,42259,834,40,Yes
CUST1963,43,33621,8127,692,220,No
CUST1964,44,46945,41109,638,330,Yes
CUST1965,64,90484,10015,583,23,Yes
CUST1966,24,128625,7955,784,297,No
CUST1967,38,112109,38647,514,254,No
CUST1968,45,135164,12053,472,91,No
CUST1969,38,147955,38466,302,215,No
CUST1970,60,117173,32847,537,339,Yes
CUST1971,34,121607,32067,521,72,Yes
CUST1972,41,77047,11192,393,246,Yes
CUST1973,27,104746,35451,450,225,No
CUST1974,61,127053,48309,446,27,Yes
CUST1975,48,143175,42255,468,340,Yes
CUST1976,22,29452,21605,786,238,No
CUST1977,23,117896,28295,300,101,Yes
CUST1978,71,109921,21702,631,122,Yes
CUST1979,23,40152,43375,379,170,No
CUST1980,23,23113,10358,353,299,Yes
CUST1981,45,80191,37993,440,128,No
CUST1982,24,113961,6066,823,278,Yes
CUST1983,65,63478,12466,750,322,Yes
CUST1984,65,24965,48357,735,124,Yes
CUST1985,41,31471,35335,783,178,No
CUST1986,69,29600,16767,634,355,Yes
CUST1987,26,27113,16941,609,351,Yes
CUST1988,53,43329,30752,812,320,Yes
CUST1989,21,124099,7966,420,197,Yes
CUST1990,55,53018,10458,546,344,Yes
CUST1991,53,93149,32279,702,136,No
CUST1992,53,29232,24506,686,278,Yes
CUST1993,39,95361,25574,694,82,No
CUST1994,60,127691,43483,785,348,Yes
CUST1995,25,49837,34818,663,299,No
CUST1996,44,139404,48926,619,20,No
CUST1997,40,53901,34487,834,157,Yes
CUST1998,73,73429,45882,624,13,Yes
CUST1999,60,70860,22371,843,188,Yes
CUST2000,66,79129,27369,380,220,Yes
CUST2001,45,102603,17267,519,351,No
CUST2002,73,73011,18832,470,72,No
CUST2003,64,76757,17129,584,84,No
CUST2004,21,61471,10126,446,301,No
CUST2005,36,22213,44587,747,324,Yes
CUST2006,56,71052,21994,752,234,No
CUST2007,37,108250,49132,801,186,Yes
CUST2008,40,35506,11968,556,27,Yes
CUST2009,24,90101,33429,423,293,Yes
CUST2010,54,20773,40020,745,87,No
CUST2011,50,104072,6174,656,219,Yes
CUST2012,31,114409,5383,482,314,No
CUST2013,27,101048,30882,325,195,No
CUST2014,60,28288,12646,674,290,No
CUST2015,48,119085,5871,777,358,Yes
CUST2016,32,117773,16254,654,87,No
CUST2017,72,96756,47978,734,234,Yes
CUST2018,24,25965,36268,518,350,Yes
CUST2019,40,111866,35157,495,148,Yes
CUST2020,72,131181,31548,691,59,No
CUST2021,53,29514,48104,683,293,No
CUST2022,41,66884,44445,483,207,Yes
CUST2023,25,141641,36897,310,305,Yes
CUST2024,66,85907,24844,500,205,No
CUST2025,35,33911,45533,752,188,Yes
CUST2026,54,57989,45418,669,220,Yes
CUST2027,32,123139,28640,838,334,No
CUST2028,69,109899,49158,499,49,Yes
CUST2029,45,59498,49243,305,122,Yes
CUST2030,72,99503,30886,617,19,No
CUST2031,53,31338,24834,636,299,Yes
CUST2032,67,56899,10743,396,258,Yes
CUST2033,70,120306,13197,677,230,No
CUST2034,57,141463,13854,559,62,Yes
CUST2035,57,77367,5909,814,356,Yes
CUST2036,61,69992,17504,313,86,Yes
CUST2037,59,71788,12334,579,109,No
CUST2038,53,127757,6041,334,282,No
CUST2039,19,106602,17335,581,172,No
CUST2040,56,24039,6757,790,304,No
CUST2041,60,82126,18712,707,184,Yes
CUST2042,71,40489,36530,344,73,No
CUST2043,62,89922,47508,559,140,Yes
CUST2044,35,48818,14512,580,110,Yes
CUST2045,19,37875,47581,358,148,Yes
CUST2046,29,117878,20845,331,216,No
CUST2047,35,71248,33559,782,289,No
CUST2048,62,124434,46029,765,88,No
CUST2049,66,124527,40296,802,135,Yes
CUST2050,37,131341,17511,477,312,Yes
CUST2051,39,91529,10642,784,171,Yes
CUST2052,40,58663,24720,406,272,No
CUST2053,18,145846,35371,339,151,No
CUST2054,29,103105,14710,678,332,Yes
CUST2055,73,38884,36063,329,32,No
CUST2056,27,59066,32648,456,27,No
CUST2057,54,108773,6429,481,96,Yes
CUST2058,60,136257,12632,434,256,Yes
CUST2059,43,139821,15885,384,126,No
CUST2060,22,146532,14989,729,12,No
CUST2061,27,124204,34180,422,15,No
CUST2062,65,133657,36788,357,353,No
CUST2063,58,115594,35899,754,275,Yes
CUST2064,19,104926,6286,363,234,No
CUST2065,23,68906,34459,621,319,Yes
CUST2066,65,145487,43353,399,212,Yes
CUST2067,51,144448,20900,584,211,Yes
CUST2068,31,21461,18194,498,44,Yes
CUST2069,42,92551,24322,317,40,Yes
CUST2070,44,134657,42318,640,71,No
CUST2071,47,92754,30672,624,210,Yes
CUST2072,39,38530,8337,473,269,Yes
CUST2073,28,36152,26879,675,115,No
CUST2074,41,25475,5516,828,50,No
CUST2075,37,20659,11728,314,53,No
CUST2076,64,95067,46314,712,354,No
CUST2077,38,98204,33297,726,110,No
CUST2078,67,71653,32242,362,325,No
CUST2079,54,90405,37486,366,183,No
CUST2080,56,91765,42923,497,25,No
CUST2081,23,144122,44048,813,36,Yes
CUST2082,74,31157,41326,451,45,Yes
CUST2083,21,59936,24056,573,204,No
CUST2084,27,47532,7425,385,282,No
CUST2085,28,118080,36948,476,40,Yes
CUST2086,66,117180,31193,754,325,Yes
CUST2087,57,138429,36857,345,343,No
CUST2088,21,115150,38643,582,154,No
CUST2089,61,65069,43734,503,53,No
CUST2090,23,47752,45074,817,162,No
CUST2091,35,74087,49477,719,334,Yes
CUST2092,46,138702,36975,477,322,Yes
CUST2093,60,104663,20198,303,49,No
CUST2094,45,131602,8978,618,176,Yes
CUST2095,49,87181,39623,580,39,Yes
CUST2096,56,38671,6246,659,244,Yes
CUST2097,46,41096,32656,420,220,No
CUST2098,44,44116,42775,649,102,No
CUST2099,35,48939,25699,777,334,Yes
CUST2100,31,100856,41258,388,279,Yes
CUST2101,66,129412,9162,774,112,No
CUST2102,50,53127,22553,390,310,No
CUST2103,25,45470,47487,419,238,Yes
CUST2104,40,35023,32337,392,340,Yes
CUST2105,45,43770,36020,486,222,No
CUST2106,25,107946,12663,388,333,Yes
CUST2107,36,124813,37426,490,85,No
CUST2108,61,94356,45809,625,37,Yes
CUST2109,61,131706,47348,320,200,Yes
CUST2110,55,27128,27725,473,124,No
CUST2111,49,131593,34381,310,338,Yes
CUST2112,51,118440,33588,522,155,No
CUST2113,60,142207,6363,683,150,No
CUST2114,37,149771,15573,771,20,No
CUST2115,20,91939,23875,383,265,No
CUST2116,32,80458,17596,552,237,No
CUST2117,43,104498,35752,615,238,Yes
CUST2118,56,92045,27534,495,318,Yes
CUST2119,21,29587,33712,435,156,Yes
CUST2120,18,58096,20211,617,212,Yes
CUST2121,31,108039,38268,354,95,No
CUST2122,37,28829,19398,688,41,No
CUST2123,31,52858,43512,593,241,No
CUST2124,67,32871,49890,482,83,No
CUST2125,26,45875,27226,585,218,Yes
CUST2126,66,115104,44459,443,222,Yes
CUST2127,34,96099,48054,623,355,Yes
CUST2128,36,83857,35701,723,78,Yes
CUST2129,38,144720,13595,531,317,Yes
CUST2130,25,63365,24227,492,82,Yes
CUST2131,18,66810,30583,579,188,Yes
CUST2132,49,36805,32319,504,21,No
CUST2133,65,107988,49112,481,296,Yes
CUST2134,45,105914,47762,602,59,Yes
CUST2135,29,50740,28609,565,263,No
CUST2136,26,33113,35954,750,332,No
CUST2137,42,57373,15618,570,254,Yes
CUST2138,52,101201,45753,394,208,Yes
CUST2139,63,29149,18579,801,36,Yes
CUST2140,32,137980,23511,663,94,Yes
CUST2141,50,45362,10648,672,301,Yes
CUST2142,53,61652,48716,657,320,Yes
CUST2143,71,83682,36646,835,46,Yes
CUST2144,60,79067,13460,760,146,No
CUST2145,69,63036,16356,474,23,Yes
CUST2146,40,100785,18073,337,215,No
CUST2147,22,106431,15244,694,280,No
CUST2148,43,60065,44698,459,357,No
CUST2149,73,110892,37255,850,285,Yes
CUST2150,65,96568,11612,515,146,Yes
CUST2151,20,39974,32261,744,46,Yes
CUST2152,45,94128,37356,655,111,Yes
CUST2153,19,94299,24900,595,113,Yes
CUST2154,47,67774,20382,512,115,Yes
CUST2155,22,125866,18725,650,244,No
CUST2156,73,61462,41492,815,130,Yes
CUST2157,38,145653,8083,575,57,No
CUST2158,54,76139,6188,392,79,Yes
CUST2159,45,42103,28513,825,172,Yes
CUST2160,54,20633,22092,515,195,Yes
CUST2161,43,61053,28399,564,99,No
CUST2162,63,52266,49363,523,115,Yes
CUST2163,58,122978,15394,778,188,Yes
CUST2164,44,49035,16450,567,217,Yes
CUST2165,36,113349,37995,332,67,No
CUST2166,25,116969,7095,418,251,Yes
CUST2167,43,103995,9172,829,290,No
CUST2168,19,77163,27133,490,52,No
CUST2169,38,56264,33221,786,249,Yes
CUST2170,28,130114,12469,443,17,No
CUST2171,69,67118,45472,778,116,Yes
CUST2172,57,37603,19856,630,96,No
CUST2173,47,109073,12909,681,359,No
CUST2174,71,116072,41830,686,64,Yes
CUST2175,62,63458,19686,334,52,No
CUST2176,41,135066,36874,630,320,No
CUST2177,23,82908,21896,407,95,No
CUST2178,45,80666,27303,667,12,No
CUST2179,72,78373,28281,308,206,Yes
CUST2180,24,67020,8058,462,69,Yes
CUST2181,33,121550,41505,731,124,Yes
CUST2182,45,60038,22530,786,228,Yes
CUST2183,55,83828,14907,642,133,No
CUST2184,43,92308,38776,644,274,Yes
CUST2185,51,34264,44602,402,354,Yes
CUST2186,23,43038,48875,491,174,No
CUST2187,43,104613,11825,666,79,Yes
CUST2188,73,99511,8304,613,251,Yes
CUST2189,37,30744,33693,466,265,Yes
CUST2190,65,130335,34958,778,291,No
CUST2191,39,56780,12269,490,305,Yes
CUST2192,32,132553,11939,322,188,Yes
CUST2193,39,128323,45014,749,204,Yes
CUST2194,67,38350,44954,767,74,No
CUST2195,28,136824,11676,745,109,Yes
CUST2196,22,90597,41862,708,123,No
CUST2197,50,45746,7750,784,241,No
CUST2198,58,54502,38246,549,50,No
CUST2199,25,116147,11908,558,353,Yes
CUST2200,51,136173,15947,682,291,No
CUST2201,50,102132,46282,645,163,Yes
CUST2202,30,30022,12737,794,169,Yes
CUST2203,75,115345,18460,710,147,Yes
CUST2204,67,29882,28700,607,315,No
CUST2205,40,136930,15291,341,37,Yes
CUST2206,40,22441,24144,539,98,Yes
CUST2207,64,131357,33935,819,308,No
CUST2208,70,86476,38154,410,177,Yes
CUST2209,59,102788,37662,731,36,No
CUST2210,70,24088,11507,736,84,Yes
CUST2211,27,126514,15111,575,214,No
CUST2212,33,96269,47407,710,162,No
CUST2213,24,95877,28837,329,273,No
CUST2214,27,73101,26928,467,34,Yes
CUST2215,34,120820,14029,824,60,No
CUST2216,30,97337,13059,470,232,No
CUST2217,29,47886,18231,607,153,No
CUST2218,56,138791,33777,836,157,No
CUST2219,27,24804,32246,503,39,No
CUST2220,66,92298,5431,442,133,No
CUST2221,66,54159,21077,433,243,No
CUST2222,59,91233,36042,641,116,No
CUST2223,22,137176,27368,355,140,No
CUST2224,29,90736,23792,392,64,Yes
CUST2225,67,81879,38097,616,215,Yes
CUST2226,58,105709,16223,444,252,Yes
CUST2227,49,121606,10585,654,285,Yes
CUST2228,47,39481,22433,769,67,Yes
CUST2229,66,67948,29407,705,84,No
CUST2230,54,71445,32198,469,249,Yes
CUST2231,66,49269,28635,771,267,Yes
CUST2232,55,136842,46251,300,353,Yes
CUST2233,46,121206,48581,451,274,Yes
CUST2234,61,97280,21085,505,99,Yes
CUST2235,74,116105,14935,476,107,Yes
CUST2236,54,132350,39711,608,50,No
CUST2237,59,58141,32637,614,19,No
CUST2238,58,37548,19954,382,94,Yes
CUST2239,57,80909,14043,489,339,Yes
CUST2240,38,85683,33103,541,59,No
CUST2241,73,86900,32093,508,263,Yes
CUST2242,58,31869,31824,747,313,Yes
CUST2243,38,72007,35064,392,286,No
CUST2244,27,67692,38826,550,105,Yes
CUST2245,46,85820,49708,457,64,No
CUST2246,22,21388,28709,683,333,No
CUST2247,48,106858,6950,305,111,No
CUST2248,46,51310,34004,788,145,Yes
CUST2249,58,131146,14541,463,277,No
CUST2250,37,146353,5651,652,226,Yes
CUST2251,68,125714,38904,402,99,No
CUST2252,35,148693,9560,782,305,Yes
CUST2253,55,100482,10556,703,291,No
CUST2254,21,109674,27171,517,186,No
CUST2255,40,41737,25631,783,263,Yes
CUST2256,50,119248,31322,685,322,Yes
CUST2257,22,87388,15769,774,236,No
CUST2258,37,38398,33447,548,131,No
CUST2259,47,78487,9028,398,230,Yes
CUST2260,46,40869,30773,696,130,Yes
CUST2261,20,43480,7430,431,288,No
CUST2262,21,94233,48265,625,136,Yes
CUST2263,41,144349,47039,436,70,Yes
CUST2264,71,94162,14892,709,275,Yes
CUST2265,36,106430,42654,634,102,Yes
CUST2266,22,134320,8788,589,290,No
CUST2267,59,146843,46393,734,360,Yes
CUST2268,73,39162,48277,703,175,Yes
CUST2269,72,116458,39064,846,221,No
CUST2270,23,115945,24380,373,26,Yes
CUST2271,57,83373,32479,655,185,Yes
CUST2272,56,143099,31345,800,129,No
CUST2273,50,67028,49621,327,305,No
CUST2274,42,25297,41281,527,242,Yes
CUST2275,47,48681,24944,482,23,No
CUST2276,55,119807,25558,540,264,No
CUST2277,53,83916,27554,677,313,Yes
CUST2278,68,50375,5517,670,290,Yes
CUST2279,65,28239,23335,648,337,Yes
CUST2280,75,54649,39589,813,231,No
CUST2281,20,68422,45003,301,218,Yes
CUST2282,46,50673,14624,707,360,Yes
CUST2283,69,25610,31472,379,72,Yes
CUST2284,54,107632,34241,535,244,No
CUST2285,59,47102,47197,441,256,No
CUST2286,30,87880,18443,811,43,No
CUST2287,38,138977,40679,492,218,Yes
CUST2288,56,123738,45918,345,266,Yes
CUST2289,48,67349,45513,516,132,Yes
CUST2290,50,70868,47731,609,219,Yes
CUST2291,27,81561,33976,745,277,Yes
CUST2292,21,140311,27626,395,87,Yes
CUST2293,46,79591,47516,647,19,No
CUST2294,24,135546,31509,693,198,Yes
CUST2295,69,26086,17929,484,13,Yes
CUST2296,75,25230,24761,735,204,Yes
CUST2297,71,148527,10523,454,288,Yes
CUST2298,39,105003,7422,591,85,Yes
CUST2299,63,62476,40221,618,55,Yes
CUST2300,23,33529,26921,696,349,No
CUST2301,50,112240,30558,792,99,Yes
CUST2302,59,146935,13257,335,104,No
CUST2303,29,88337,39109,567,126,Yes
CUST2304,20,103042,40441,731,334,Yes
CUST2305,33,128743,23607,483,190,Yes
CUST2306,63,55847,19007,467,179,No
CUST2307,46,129428,11083,707,357,No
CUST2308,46,117243,38532,829,93,Yes
CUST2309,51,54513,41161,408,56,No
CUST2310,51,95842,25463,776,213,No
CUST2311,57,91349,39166,384,359,No
CUST2312,28,94732,27328,654,349,No
CUST2313,41,42786,46660,403,199,Yes
CUST2314,41,69369,15487,714,19,No
CUST2315,36,105678,6534,312,183,No
CUST2316,42,69613,6827,464,288,No
CUST2317,44,67880,40385,626,241,Yes
CUST2318,67,97028,43830,431,65,No
CUST2319,39,105634,21953,819,147,Yes
CUST2320,61,137732,20816,693,219,Yes
CUST2321,56,129506,24919,765,303,No
CUST2322,21,30202,32705,311,88,No
CUST2323,68,87720,38113,797,49,Yes
CUST2324,58,52975,12237,711,279,No
CUST2325,59,69326,8928,732,345,No
CUST2326,39,147490,29443,355,101,Yes
CUST2327,22,138914,22023,610,49,Yes
CUST2328,39,49215,46090,735,304,Yes
CUST2329,24,87681,38259,564,83,No
CUST2330,53,73194,28230,418,179,Yes
CUST2331,61,66255,13114,761,302,Yes
CUST2332,42,127116,8128,814,215,No
CUST2333,36,133733,47661,681,245,No
CUST2334,34,65224,13175,784,316,Yes
CUST2335,64,83813,34408,643,32,No
CUST2336,72,123895,24527,847,297,No
CUST2337,60,83191,42515,673,314,Yes
CUST2338,56,136283,5341,414,285,No
CUST2339,73,99195,34697,483,149,Yes
CUST2340,27,20864,27215,734,132,No
CUST2341,39,85776,20472,844,232,No
CUST2342,23,135609,43115,692,331,Yes
CUST2343,55,38214,42066,381,323,No
CUST2344,60,77658,46139,453,289,No
CUST2345,27,41706,48615,307,159,Yes
CUST2346,40,50145,39949,645,291,Yes
CUST2347,37,30104,44029,564,20,No
CUST2348,59,87441,20324,502,93,Yes
CUST2349,62,104341,27959,827,76,Yes
CUST2350,60,56806,24608,765,31,No
CUST2351,43,47723,23647,745,181,Yes
CUST2352,26,39692,48707,349,29,No
CUST2353,56,44498,42536,775,321,No
CUST2354,63,40625,49068,588,129,Yes
CUST2355,23,67477,14173,340,351,No
CUST2356,37,98908,29750,424,289,No
CUST2357,53,114018,39056,801,233,No
CUST2358,42,127079,21228,771,318,No
CUST2359,59,35509,11896,675,140,No
CUST2360,68,106652,26485,351,271,Yes
CUST2361,39,50191,38846,678,161,Yes
CUST2362,70,74344,43166,558,343,No
CUST2363,26,126322,17619,735,78,Yes
CUST2364,60,63283,28676,645,164,No
CUST2365,62,114405,34773,603,322,No
CUST2366,71,34855,11421,324,184,No
CUST2367,65,83113,14604,573,324,No
CUST2368,61,108503,32898,483,274,No
CUST2369,51,82759,32004,600,295,No
CUST2370,23,82786,10370,665,334,No
CUST2371,59,47617,11045,727,45,Yes
CUST2372,60,97436,9075,317,343,Yes
CUST2373,45,41134,32845,757,55,Yes
CUST2374,50,104837,13523,632,157,Yes
CUST2375,41,129230,36211,604,189,No
CUST2376,19,73857,19076,336,243,Yes
CUST2377,41,22942,34239,414,332,Yes
CUST2378,37,51938,10116,665,291,No
CUST2379,29,25655,29202,337,271,Yes
CUST2380,31,36762,49356,844,246,No
CUST2381,39,95168,39488,705,30,No
CUST2382,67,97640,31394,554,347,No
CUST2383,49,41119,43550,479,237,Yes
CUST2384,30,37658,41632,386,58,Yes
CUST2385,32,102515,39009,847,194,Yes
CUST2386,26,87193,30872,396,103,No
CUST2387,27,25136,22281,429,132,No
CUST2388,22,136758,43292,448,290,Yes
CUST2389,36,95008,37691,805,217,No
CUST2390,72,39249,46711,741,241,Yes
CUST2391,68,27328,32749,581,211,No
CUST2392,24,41802,33841,653,256,No
CUST2393,50,53850,37082,769,112,No
CUST2394,67,140906,32323,549,288,Yes
CUST2395,52,43597,15672,836,348,Yes
CUST2396,71,87717,14459,769,107,Yes
CUST2397,65,145598,38147,341,25,Yes
CUST2398,74,73143,13331,378,327,No
CUST2399,51,98558,36769,634,243,No
CUST2400,20,147040,34996,681,152,No
CUST2401,60,93872,13479,339,206,No
CUST2402,39,103574,38632,450,51,Yes
CUST2403,74,22440,39677,403,326,No
CUST2404,67,135147,12737,691,44,No
CUST2405,57,114312,18935,824,333,Yes
CUST2406,26,115417,34847,380,351,Yes
CUST2407,56,106736,36021,645,248,No
CUST2408,42,127649,7136,609,265,No
CUST2409,27,57152,15278,732,324,No
CUST2410,28,144158,41636,710,284,Yes
CUST2411,29,31239,29204,322,264,Yes
CUST2412,71,48389,12783,488,208,Yes
CUST2413,62,78877,44426,563,289,No
CUST2414,67,99498,31779,381,88,Yes
CUST2415,57,81789,12230,743,331,Yes
CUST2416,69,133679,12921,419,306,Yes
CUST2417,75,83133,29221,496,235,No
CUST2418,28,42356,42471,567,270,Yes
CUST2419,64,48752,23978,610,266,Yes
CUST2420,46,128837,7639,826,90,No
CUST2421,20,73840,39260,549,78,Yes
CUST2422,44,98753,15046,350,175,No
CUST2423,41,38705,12716,683,276,Yes
CUST2424,61,124151,29344,784,307,No
CUST2425,64,96368,24983,520,112,No
CUST2426,33,127538,29540,747,264,Yes
CUST2427,46,120596,24874,581,31,Yes
CUST2428,57,43839,24266,490,341,No
CUST2429,36,101685,36845,583,284,No
CUST2430,66,106461,6833,813,174,Yes
CUST2431,65,86952,14363,346,360,No
CUST2432,68,54671,14315,708,280,No
CUST2433,46,41983,43641,485,12,No
CUST2434,32,114920,32640,591,216,Yes
CUST2435,52,109861,8188,579,341,No
CUST2436,33,64914,24999,305,107,Yes
CUST2437,37,140894,23578,716,332,Yes
CUST2438,69,79437,19128,512,133,Yes
CUST2439,68,98188,16998,319,200,Yes
CUST2440,48,97410,37033,724,38,Yes
CUST2441,75,29023,5136,432,149,Yes
CUST2442,71,50122,13016,581,27,No
CUST2443,30,69572,40883,573,351,No
CUST2444,41,70523,27849,773,196,Yes
CUST2445,61,37329,9427,625,211,No
CUST2446,54,34230,7928,399,207,Yes
CUST2447,46,22170,32366,526,329,Yes
CUST2448,47,46522,36534,530,181,Yes
CUST2449,67,88512,42556,318,245,Yes
CUST2450,36,132668,25296,632,303,Yes
CUST2451,67,139188,42077,526,31,No
CUST2452,42,86107,34646,365,27,Yes
CUST2453,50,109701,27139,594,356,No
CUST2454,51,75023,29727,771,75,No
CUST2455,44,128332,36144,730,97,Yes
CUST2456,28,39603,44695,636,155,Yes
CUST2457,70,99365,13703,698,289,No
CUST2458,30,32622,14078,787,102,Yes
CUST2459,69,43255,38080,312,187,Yes
CUST2460,56,82373,46711,651,203,No
CUST2461,26,138175,35207,648,149,Yes
CUST2462,73,100576,34486,627,140,Yes
CUST2463,34,98618,48726,654,105,Yes
CUST2464,21,25116,34430,755,280,Yes
CUST2465,59,135048,14763,455,213,Yes
CUST2466,48,122743,26313,773,247,Yes
CUST2467,73,89655,10853,810,315,Yes
CUST2468,41,85972,45944,515,213,No
CUST2469,53,118616,48548,845,112,Yes
CUST2470,24,35403,45867,474,83,Yes
CUST2471,63,32214,31845,699,192,Yes
CUST2472,72,83208,30377,561,325,No
CUST2473,51,106427,20258,712,162,Yes
CUST2474,72,37082,30912,333,107,Yes
CUST2475,25,138224,27216,380,338,Yes
CUST2476,36,99098,40454,798,138,No
CUST2477,23,90685,8002,653,336,No
CUST2478,66,128464,48938,385,80,Yes
CUST2479,28,20157,34038,512,284,Yes
CUST2480,35,137567,23178,842,306,Yes
CUST2481,46,142910,47330,678,149,No
CUST2482,75,121563,10801,611,212,Yes
CUST2483,50,108940,15853,598,125,No
CUST2484,27,105096,6625,622,111,No
CUST2485,71,76557,42486,762,291,Yes
CUST2486,45,88425,46294,778,305,Yes
CUST2487,23,75139,25240,330,64,No
CUST2488,32,68546,41768,459,186,Yes
CUST2489,70,134664,47281,470,219,No
CUST2490,46,25693,13112,660,96,Yes
CUST2491,74,111441,47199,741,145,No
CUST2492,40,89444,41657,725,52,Yes
CUST2493,19,76224,10580,323,360,No
CUST2494,44,50079,17610,590,179,No
CUST2495,21,143000,45547,802,107,No
CUST2496,43,125159,40509,540,284,No
CUST2497,50,83192,42804,684,184,Yes
CUST2498,41,123488,8465,850,259,Yes
CUST2499,33,120751,42371,434,103,Yes
CUST2500,42,69969,39193,687,187,Yes
CUST2501,23,65943,17412,426,211,No
CUST2502,41,97207,36184,399,97,No
CUST2503,32,125463,37940,705,306,Yes
CUST2504,19,117175,6223,523,99,No
CUST2505,38,138994,12882,516,218,Yes
CUST2506,24,119816,48139,413,313,Yes
CUST2507,71,129732,39855,596,125,Yes
CUST2508,63,111318,16779,482,125,No
CUST2509,59,95513,6243,462,187,Yes
CUST2510,39,32807,23019,710,283,No
CUST2511,68,75769,18487,718,323,Yes
CUST2512,27,37548,21075,660,201,No
CUST2513,26,53360,42981,522,64,Yes
CUST2514,20,82539,34113,728,126,No
CUST2515,36,120382,10547,585,270,Yes
CUST2516,71,50475,39966,627,66,Yes
CUST2517,48,139286,44770,671,298,No
CUST2518,62,132597,25999,408,212,Yes
CUST2519,71,30986,31332,625,201,No
CUST2520,26,57128,43593,814,199,Yes
CUST2521,66,98419,7948,848,25,No
CUST2522,63,134919,37209,845,342,Yes
CUST2523,48,91267,6524,701,262,Yes
CUST2524,46,73562,27279,530,277,No
CUST2525,57,53791,33640,713,146,Yes
CUST2526,18,44775,16829,806,209,Yes
CUST2527,75,20716,32193,775,298,Yes
CUST2528,23,112949,6576,593,178,No
CUST2529,19,117471,39596,760,20,No
CUST2530,34,123471,25799,460,324,No
CUST2531,31,20932,30035,481,176,No
CUST2532,71,95757,21854,709,261,Yes
CUST2533,27,88490,10965,595,360,Yes
CUST2534,53,35444,12513,303,159,No
CUST2535,64,88126,11509,845,145,No
CUST2536,56,20942,40506,642,126,Yes
CUST2537,51,69155,16020,775,15,Yes
CUST2538,45,105792,23700,476,111,No
CUST2539,25,46924,14439,400,168,No
CUST2540,67,110146,16971,692,333,Yes
CUST2541,36,125419,21748,728,331,Yes
CUST2542,33,61405,10873,728,73,Yes
CUST2543,37,73588,15107,720,357,No
CUST2544,25,67483,25106,493,274,Yes
CUST2545,21,33970,31691,329,307,No
CUST2546,33,40287,49473,529,50,No
CUST2547,44,75846,16088,441,69,No
CUST2548,58,105403,8860,815,258,Yes
CUST2549,68,96725,45270,382,318,Yes
CUST2550,57,53244,26318,718,259,Yes
CUST2551,47,54249,16892,323,96,No
CUST2552,22,132063,6780,632,36,No
CUST2553,25,90268,8833,555,113,Yes
CUST2554,71,75517,24531,470,279,Yes
CUST2555,75,94012,30555,783,182,Yes
CUST2556,49,67925,11471,393,309,No
CUST2557,56,100200,25974,679,132,Yes
CUST2558,52,56118,14336,323,149,Yes
CUST2559,19,149997,32054,698,31,Yes
CUST2560,58,109208,26247,823,56,No
CUST2561,50,72095,21903,497,198,Yes
CUST2562,54,118955,29609,465,119,No
CUST2563,33,46698,12927,768,213,No
CUST2564,63,74162,8399,677,169,No
CUST2565,27,92365,18274,545,57,No
CUST2566,36,122732,20703,479,178,No
CUST2567,45,93080,44125,783,162,No
CUST2568,18,83238,43406,504,244,No
CUST2569,57,43425,20498,630,67,Yes
CUST2570,40,68524,37307,435,179,No
CUST2571,33,93281,38333,600,179,No
CUST2572,54,92733,38057,366,115,No
CUST2573,44,83407,30234,331,66,Yes
CUST2574,29,53263,12541,511,122,No
CUST2575,60,149565,22648,772,100,Yes
CUST2576,60,60193,8973,770,199,Yes
CUST2577,23,95713,25862,550,329,No
CUST2578,51,65135,35462,754,121,Yes
CUST2579,41,121475,41249,547,226,Yes
CUST2580,22,112470,31678,481,255,No
CUST2581,51,72183,9289,772,280,Yes
CUST2582,52,116440,36730,812,61,Yes
CUST2583,50,38096,6894,413,133,No
CUST2584,68,132066,31705,639,230,No
CUST2585,50,133223,46519,463,241,Yes
CUST2586,53,106413,20318,550,174,No
CUST2587,19,35608,6220,773,35,Yes
CUST2588,42,118017,22639,371,20,Yes
CUST2589,73,50116,41311,307,329,No
CUST2590,48,78536,43415,333,148,Yes
CUST2591,20,122643,49243,716,88,Yes
CUST2592,58,111660,11652,832,341,Yes
CUST2593,42,144419,21142,781,67,No
CUST2594,41,41206,41353,694,157,Yes
CUST2595,34,33143,47700,372,56,No
CUST2596,65,48109,13229,727,30,Yes
CUST2597,19,86629,24963,566,193,No
CUST2598,40,72502,42240,850,102,Yes
CUST2599,68,123033,31656,423,245,Yes
CUST2600,22,64359,34227,846,208,Yes
CUST2601,40,124969,10499,324,327,Yes
CUST2602,33,92165,46667,749,282,No
CUST2603,64,100481,37796,792,74,No
CUST2604,60,111364,18333,361,314,Yes
CUST2605,58,109727,14330,599,280,Yes
CUST2606,24,112640,29464,707,254,Yes
CUST2607,67,26822,40418,340,299,Yes
CUST2608,55,41068,16022,672,42,No
CUST2609,65,71000,21066,709,321,Yes
CUST2610,66,146428,40227,823,79,No
CUST2611,39,103345,32771,750,256,Yes
CUST2612,26,20693,41382,738,15,Yes
CUST2613,20,125430,34605,427,151,No
CUST2614,40,31939,7738,406,196,Yes
CUST2615,52,127905,5065,449,78,Yes
CUST2616,39,39048,35451,568,132,Yes
CUST2617,70,81822,45680,414,275,Yes
CUST2618,59,141354,23956,473,281,No
CUST2619,29,98675,47798,675,297,Yes
CUST2620,71,77065,15969,722,190,No
CUST2621,67,31552,5035,647,217,No
CUST2622,61,28399,8943,445,95,No
CUST2623,47,54483,36600,548,82,No
CUST2624,62,49067,22911,794,181,No
CUST2625,48,68606,44181,515,297,No
CUST2626,58,30490,21442,570,231,Yes
CUST2627,29,99826,49564,399,225,Yes
CUST2628,69,24948,29913,637,41,No
CUST2629,26,114960,28030,375,178,Yes
CUST2630,22,70374,46432,769,310,No
CUST2631,63,141986,18943,803,271,Yes
CUST2632,67,149033,43348,550,224,Yes
CUST2633,47,72513,38444,566,242,Yes
CUST2634,20,100473,23436,650,287,No
CUST2635,36,106006,7980,602,238,Yes
CUST2636,30,88289,15578,755,155,Yes
CUST2637,20,57548,40002,638,164,No
CUST2638,68,113271,41902,761,97,No
CUST2639,30,146291,9583,564,82,No
CUST2640,74,98311,24702,581,264,No
CUST2641,20,27531,10879,336,184,Yes
CUST2642,38,143956,30906,443,273,No
CUST2643,37,121398,13059,451,184,No
CUST2644,50,127509,14152,834,354,Yes
CUST2645,43,42973,41469,595,155,No
CUST2646,70,103924,23314,326,289,No
CUST2647,52,84797,33309,526,335,Yes
CUST2648,48,77536,18818,679,185,No
CUST2649,34,21403,45006,671,313,No
CUST2650,20,46438,38083,598,228,Yes
CUST2651,66,131485,25860,614,198,Yes
CUST2652,59,106099,49702,462,174,Yes
CUST2653,30,141996,27454,612,326,No
CUST2654,36,125370,46626,786,159,No
CUST2655,40,87915,22128,750,103,No
CUST2656,73,57487,34669,601,269,Yes
CUST2657,67,45525,22892,458,77,Yes
CUST2658,21,24405,21117,431,167,Yes
CUST2659,73,122755,48402,450,326,No
CUST2660,59,98579,26078,599,72,No
CUST2661,39,86918,27389,693,54,Yes
CUST2662,35,87608,18803,563,231,No
CUST2663,25,111547,35133,533,182,No
CUST2664,69,50365,44289,328,25,No
CUST2665,41,100634,26525,516,81,Yes
CUST2666,45,42214,6040,610,15,No
CUST2667,74,108345,13763,451,32,Yes
CUST2668,43,24726,47365,312,33,No
CUST2669,65,67151,5134,565,91,Yes
CUST2670,46,51359,44897,672,169,Yes
CUST2671,75,105854,36229,820,202,No
CUST2672,42,20037,5280,829,339,Yes
CUST2673,39,147879,5627,715,129,Yes
CUST2674,29,40636,49086,788,312,No
CUST2675,49,31382,16372,474,343,No
CUST2676,62,56167,32077,652,130,No
CUST2677,49,122193,41424,459,49,No
CUST2678,41,72354,37045,813,133,No
CUST2679,69,66285,30741,621,79,No
CUST2680,51,107773,40266,835,341,No
CUST2681,35,71792,10318,683,71,No
CUST2682,69,73143,47539,687,178,Yes
CUST2683,23,96818,47681,796,174,Yes
CUST2684,64,46255,10080,473,47,No
CUST2685,45,87861,40300,837,118,Yes
CUST2686,23,22014,7028,793,14,No
CUST2687,45,116590,49014,479,177,Yes
CUST2688,56,112225,34175,795,186,Yes
CUST2689,70,28993,49056,688,258,No
CUST2690,29,140478,13088,314,29,Yes
CUST2691,52,31818,28133,366,279,Yes
CUST2692,36,92036,29666,650,116,No
CUST2693,38,57289,44407,530,336,Yes
CUST2694,24,115176,28459,616,336,No
CUST2695,23,128758,30346,511,229,No
CUST2696,38,93284,16612,529,296,No
CUST2697,60,139932,5552,453,105,No
CUST2698,36,96406,13176,584,63,Yes
CUST2699,37,65625,35323,422,157,No
CUST2700,46,65544,29279,501,167,Yes
CUST2701,56,146260,17647,665,157,Yes
CUST2702,63,126891,34135,810,278,Yes
CUST2703,45,56242,5613,770,280,No
CUST2704,28,49661,19517,312,327,No
CUST2705,62,99477,6296,836,208,No
CUST2706,46,146229,23424,533,209,Yes
CUST2707,40,45496,49600,507,312,Yes
CUST2708,46,79606,28450,672,329,Yes
CUST2709,20,141859,17550,333,263,No
CUST2710,64,72947,10896,708,85,No
CUST2711,73,95354,45202,401,267,Yes
CUST2712,40,20609,45975,637,125,No
CUST2713,57,54223,24869,819,228,No
CUST2714,45,42942,19493,368,241,No
CUST2715,35,73363,20352,577,338,Yes
CUST2716,58,86353,37362,847,237,No
CUST2717,68,33954,28789,850,161,Yes
CUST2718,21,93220,7411,381,341,Yes
CUST2719,22,29487,23399,357,223,Yes
CUST2720,60,85951,37298,757,88,No
CUST2721,58,58568,44716,835,15,No
CUST2722,43,64560,18702,553,78,No
CUST2723,41,144127,5467,550,199,No
CUST2724,50,35336,17850,562,275,Yes
CUST2725,69,125243,46840,487,97,No
CUST2726,65,87277,30957,550,200,Yes
CUST2727,61,145397,12270,533,159,No
CUST2728,28,53776,23176,767,119,Yes
CUST2729,19,134833,42296,481,47,No
CUST2730,27,90504,37789,341,281,No
CUST2731,72,126580,37375,572,123,No
CUST2732,56,123991,16172,584,100,No
CUST2733,61,95352,41161,393,290,Yes
CUST2734,68,52786,17698,494,66,Yes
CUST2735,46,110989,48243,365,80,No
CUST2736,20,78034,42074,435,109,No
CUST2737,26,146622,49051,835,44,Yes
CUST2738,22,69424,49720,610,76,Yes
CUST2739,33,93815,44516,362,114,No
CUST2740,67,83390,42037,512,322,Yes
CUST2741,59,120921,16503,533,85,Yes
CUST2742,41,51886,9283,549,342,No
CUST2743,41,119283,43545,788,15,Yes
CUST2744,42,64520,13404,775,332,No
CUST2745,54,145991,9263,400,168,No
CUST2746,20,121659,13351,849,331,No
CUST2747,56,80142,22014,352,59,Yes
CUST2748,27,109337,42349,626,42,No
CUST2749,61,80387,19939,374,205,Yes
CUST2750,46,137509,39280,501,16,Yes
CUST2751,41,96916,22978,789,58,No
CUST2752,41,132987,17573,419,278,No
CUST2753,46,23584,49432,752,137,Yes
CUST2754,66,83172,6515,385,224,No
CUST2755,22,35239,49416,787,146,Yes
CUST2756,54,53792,39926,502,262,No
CUST2757,26,28854,45269,402,93,No
CUST2758,51,70157,21575,520,116,Yes
CUST2759,41,103055,49609,798,295,Yes
CUST2760,43,123370,41707,607,249,Yes
CUST2761,38,48885,34748,309,188,No
CUST2762,59,108724,5128,740,24,No
CUST2763,35,111904,32991,414,284,Yes
CUST2764,33,50137,47006,753,96,No
CUST2765,25,124878,49112,499,253,Yes
CUST2766,19,61383,47600,767,218,No
CUST2767,65,74057,8398,300,277,Yes
CUST2768,29,145232,26168,557,56,Yes
CUST2769,49,66281,33347,716,352,No
CUST2770,51,87699,31665,577,245,Yes
CUST2771,42,90208,22959,804,102,No
CUST2772,53,21274,12976,480,104,Yes
CUST2773,25,111857,49575,636,191,No
CUST2774,34,129075,38966,819,257,No
CUST2775,67,54517,35578,794,249,No
CUST2776,34,52539,37477,826,176,No
CUST2777,63,57655,28689,590,145,Yes
CUST2778,46,32190,38898,606,197,No
CUST2779,31,72288,7848,570,299,Yes
CUST2780,57,108302,19715,844,333,No
CUST2781,36,118145,8077,554,148,No
CUST2782,62,127619,23214,649,259,No
CUST2783,49,64825,32529,581,81,Yes
CUST2784,30,29965,39892,815,206,No
CUST2785,25,92686,34416,616,91,No
CUST2786,26,142079,25725,750,304,No
CUST2787,72,43394,5338,414,28,No
CUST2788,22,82463,30680,486,178,No
CUST2789,46,61139,17753,799,84,No
CUST2790,29,66338,26935,306,328,Yes
CUST2791,75,48647,10361,626,58,No
CUST2792,63,137219,42474,821,273,Yes
CUST2793,46,95197,6662,781,354,Yes
CUST2794,23,55268,19786,807,244,Yes
CUST2795,69,43957,32775,467,207,No
CUST2796,61,144140,9878,483,348,Yes
CUST2797,72,117800,21382,367,295,Yes
CUST2798,38,109536,17902,742,135,No
CUST2799,60,141930,15779,611,64,Yes
CUST2800,40,139266,26576,396,212,No
CUST2801,63,44925,25368,753,39,Yes
CUST2802,22,85404,9118,650,293,No
CUST2803,53,116614,46025,487,105,Yes
CUST2804,52,46170,45979,498,237,Yes
CUST2805,36,50783,11339,411,73,Yes
CUST2806,75,116394,6826,537,342,Yes
CUST2807,37,51726,36455,518,252,Yes
CUST2808,72,134392,33308,614,101,Yes
CUST2809,28,54787,6574,813,44,No
CUST2810,63,47102,43832,612,246,Yes
CUST2811,63,50042,46045,627,122,Yes
CUST2812,62,46577,26908,843,113,Yes
CUST2813,58,129437,21410,783,238,No
CUST2814,29,52728,21197,405,123,No
CUST2815,68,129620,12067,607,301,No
CUST2816,41,101080,36036,515,347,No
CUST2817,50,66665,20621,458,310,Yes
CUST2818,32,40446,27334,631,107,No
CUST2819,25,122097,8567,460,26,Yes
CUST2820,30,33983,26862,496,178,No
CUST2821,68,35712,39057,705,105,Yes
CUST2822,26,140610,20515,475,100,Yes
CUST2823,33,30287,9778,461,91,No
CUST2824,68,108580,44319,460,307,Yes
CUST2825,49,145275,45603,633,302,No
CUST2826,19,106956,33739,828,326,Yes
CUST2827,41,84574,11269,785,121,No
CUST2828,53,100455,45982,726,222,No
CUST2829,54,20868,34258,575,99,No
CUST2830,41,120171,42941,534,63,Yes
CUST2831,47,132340,13180,569,230,Yes
CUST2832,69,90972,10605,783,179,No
CUST2833,53,145566,8977,610,348,Yes
CUST2834,26,25539,7185,679,311,Yes
CUST2835,57,131150,29732,448,50,No
CUST2836,74,83214,25531,613,339,Yes
CUST2837,23,68653,9261,641,167,Yes
CUST2838,22,101352,13358,662,132,Yes
CUST2839,37,61342,9063,622,295,Yes
CUST2840,43,84532,33961,760,293,Yes
CUST2841,63,137718,8590,615,85,Yes
CUST2842,64,149153,24757,735,133,No
CUST2843,48,135472,45025,702,97,Yes
CUST2844,51,137571,46037,727,178,Yes
CUST2845,44,95303,33301,305,346,No
CUST2846,67,133871,9311,713,198,Yes
CUST2847,44,56009,11673,356,137,No
CUST2848,70,84330,49404,718,307,No
CUST2849,54,43969,8656,662,288,No
CUST2850,22,149026,41651,443,116,Yes
CUST2851,26,120173,8421,767,175,Yes
CUST2852,38,140062,24327,580,296,No
CUST2853,59,86995,29999,319,169,Yes
CUST2854,22,56735,31324,507,148,Yes
CUST2855,46,72150,11280,513,225,No
CUST2856,47,49110,45455,562,74,No
CUST2857,61,118326,31942,601,262,Yes
CUST2858,51,95584,20277,682,342,Yes
CUST2859,40,36809,44293,324,249,Yes
CUST2860,26,27097,48235,629,264,No
CUST2861,74,88909,45894,737,124,Yes
CUST2862,71,124761,5695,691,94,No
CUST2863,67,75466,34714,633,213,Yes
CUST2864,53,82694,30160,504,160,No
CUST2865,58,143162,35422,520,138,Yes
CUST2866,55,90879,33056,815,22,Yes
CUST2867,29,24268,45646,750,304,No
CUST2868,67,85860,45581,580,182,Yes
CUST2869,26,65519,11637,409,145,Yes
CUST2870,45,71605,27257,376,141,Yes
CUST2871,50,132774,47658,548,307,No
CUST2872,73,109959,49287,464,267,No
CUST2873,21,121699,6702,633,324,Yes
CUST2874,71,42911,34758,791,71,No
CUST2875,25,79925,38896,781,104,No
CUST2876,51,147992,26508,347,240,No
CUST2877,27,35776,43522,699,321,Yes
CUST2878,37,111520,17614,798,310,Yes
CUST2879,28,87922,12078,555,236,No
CUST2880,28,80302,11729,586,13,Yes
CUST2881,38,61373,5805,684,107,No
CUST2882,63,110336,44005,360,304,No
CUST2883,32,21103,9426,403,101,No
CUST2884,40,21549,43855,357,237,Yes
CUST2885,51,108356,17688,650,47,Yes
CUST2886,75,47623,42566,582,94,Yes
CUST2887,36,69732,13256,850,40,Yes
CUST2888,72,96153,46770,678,181,No
CUST2889,23,33205,38351,748,138,No
CUST2890,34,62655,21795,591,353,No
CUST2891,30,67395,28290,413,317,Yes
CUST2892,58,100318,32591,783,251,Yes
CUST2893,53,132963,36548,437,281,No
CUST2894,35,54039,45688,375,266,No
CUST2895,26,44530,34138,632,69,Yes
CUST2896,58,91901,17184,723,121,Yes
CUST2897,37,54452,20935,455,263,Yes
CUST2898,57,51082,14022,454,179,Yes
CUST2899,52,55311,7888,606,82,No
CUST2900,23,81780,8964,504,308,Yes
CUST2901,50,145636,13367,390,297,No
CUST2902,59,100358,25425,748,277,Yes
CUST2903,28,64970,43307,551,136,Yes
CUST2904,55,67962,33563,635,78,Yes
CUST2905,55,44105,38628,566,88,Yes
CUST2906,27,85374,47710,843,26,No
CUST2907,28,75567,28445,598,357,Yes
CUST2908,60,47594,25394,322,62,No
CUST2909,57,74931,43251,443,80,Yes
CUST2910,64,111843,40464,369,198,No
CUST2911,75,118591,14543,621,215,No
CUST2912,56,68799,14660,669,39,Yes
CUST2913,39,67851,35770,756,292,Yes
CUST2914,71,131978,25229,519,108,No
CUST2915,54,72506,44539,488,100,No
CUST2916,20,56651,27472,628,31,No
CUST2917,70,79077,24075,779,34,No
CUST2918,73,43578,29171,533,147,No
CUST2919,19,94895,5529,771,295,Yes
CUST2920,23,37188,38926,670,262,No
CUST2921,20,148355,43432,641,322,Yes
CUST2922,59,95483,48101,503,250,No
CUST2923,67,109916,49453,565,277,No
CUST2924,54,49958,14476,561,269,Yes
CUST2925,34,126717,8756,323,271,No
CUST2926,59,33090,20557,443,303,No
CUST2927,31,114478,38233,422,236,No
CUST2928,67,55382,41664,720,190,Yes
CUST2929,54,125393,8578,737,119,No
CUST2930,44,50907,32660,705,202,Yes
CUST2931,57,92789,27532,798,353,No
CUST2932,58,76651,17806,349,275,No
CUST2933,19,132238,18131,841,194,Yes
CUST2934,49,69923,46979,361,106,No
CUST2935,74,45698,18189,824,133,No
CUST2936,58,39116,9482,682,338,No
CUST2937,52,124862,27383,316,285,No
CUST2938,36,145717,17409,747,213,Yes
CUST2939,59,116802,48768,332,43,Yes
CUST2940,37,39601,36177,816,32,Yes
CUST2941,48,81995,35631,634,115,Yes
CUST2942,33,125600,44306,803,20,Yes
CUST2943,69,21276,26701,589,154,Yes
CUST2944,69,43148,42906,641,166,Yes
CUST2945,61,75249,42099,368,132,Yes
CUST2946,43,85483,26997,377,210,Yes
CUST2947,37,37625,45376,394,342,Yes
CUST2948,47,137082,24636,415,53,No
CUST2949,22,131331,32439,844,305,No
CUST2950,62,102660,26536,462,305,Yes
CUST2951,21,87765,15635,825,176,Yes
CUST2952,28,89990,11871,389,68,No
CUST2953,46,114445,34773,779,247,No
CUST2954,44,61383,7765,495,46,Yes
CUST2955,48,122935,37501,374,189,Yes
CUST2956,47,83782,19378,741,95,Yes
CUST2957,31,59326,5242,583,119,Yes
CUST2958,39,52895,46862,776,304,No
CUST2959,56,93680,19616,762,59,Yes
CUST2960,27,132525,20091,455,23,Yes
CUST2961,38,94427,35574,638,88,Yes
CUST2962,73,26253,45889,374,341,Yes
CUST2963,63,72219,18968,486,307,Yes
CUST2964,38,32972,20664,647,97,Yes
CUST2965,64,110510,36506,764,312,Yes
CUST2966,73,41409,26726,840,190,No
CUST2967,40,27869,29635,742,351,Yes
CUST2968,43,48241,18455,321,24,Yes
CUST2969,26,126668,31234,711,59,Yes
CUST2970,66,53330,17074,600,167,No
CUST2971,41,82460,5440,306,113,No
CUST2972,50,129965,28777,699,256,No
CUST2973,53,102557,5648,319,153,Yes
CUST2974,24,32622,9832,308,346,Yes
CUST2975,38,78963,28454,530,273,Yes
CUST2976,33,117595,6967,630,110,No
CUST2977,47,63864,41352,737,41,No
CUST2978,25,54048,12549,454,325,No
CUST2979,35,67312,14332,565,112,Yes
CUST2980,46,67226,24043,528,14,Yes
CUST2981,33,93446,33862,634,307,No
CUST2982,27,93071,17740,845,224,No
CUST2983,24,142138,46375,768,252,Yes
CUST2984,21,126170,43383,505,54,Yes
CUST2985,36,53779,28587,663,119,Yes
CUST2986,42,65107,7877,456,315,Yes
CUST2987,73,22599,6945,493,267,Yes
CUST2988,57,73970,18049,451,59,No
CUST2989,44,35890,17964,511,323,Yes
CUST2990,33,66018,23618,615,70,No
CUST2991,73,133687,16412,485,86,Yes
CUST2992,75,109074,19348,403,215,No
CUST2993,28,146237,22170,326,36,Yes
CUST2994,70,99374,16421,846,336,Yes
CUST2995,38,46077,27270,340,89,Yes
CUST2996,54,95609,41340,430,89,No
CUST2997,64,95483,21119,656,71,Yes
CUST2998,38,105179,16700,370,118,Yes
CUST2999,30,105082,17844,635,92,Yes
CUST3000,66,90574,6408,622,72,No
CUST3001,28,42877,16539,535,247,No
CUST3002,49,148368,22156,513,221,Yes
CUST3003,50,122276,11631,506,250,Yes
CUST3004,47,57304,6375,610,350,Yes
CUST3005,49,66544,49397,467,83,No
CUST3006,74,62610,13994,734,39,No
CUST3007,37,108236,29833,577,70,No
CUST3008,49,86904,47917,538,322,No
CUST3009,19,83896,12272,522,356,Yes
CUST3010,23,121547,27176,663,57,Yes
CUST3011,43,116537,18778,327,71,Yes
CUST3012,50,78580,24993,440,69,Yes
CUST3013,47,136605,34897,750,207,Yes
CUST3014,33,30277,20738,426,218,No
CUST3015,31,69947,29224,684,65,No
CUST3016,55,100434,29402,326,78,Yes
CUST3017,40,57555,48313,754,104,Yes
CUST3018,21,80784,16230,513,33,No
CUST3019,21,102799,39532,689,73,No
CUST3020,36,145382,45842,350,328,No
CUST3021,49,38985,33424,757,28,No
CUST3022,56,133804,9284,749,240,No
CUST3023,74,41964,12765,708,81,Yes
CUST3024,71,103962,14465,503,187,Yes
CUST3025,59,125869,13571,510,350,Yes
CUST3026,61,141709,17428,689,282,No
CUST3027,48,64222,17562,427,236,Yes
CUST3028,36,75288,39901,395,139,No
CUST3029,52,102742,29785,479,113,Yes
CUST3030,18,100256,29527,818,330,Yes
CUST3031,72,94925,25837,828,121,No
CUST3032,24,73054,44292,424,30,No
CUST3033,45,131267,33150,466,162,Yes
CUST3034,26,138891,46690,514,304,Yes
CUST3035,74,29351,21026,423,110,Yes
CUST3036,34,30369,8027,800,232,No
CUST3037,64,41233,45372,666,206,No
CUST3038,41,65039,43490,624,184,Yes
CUST3039,66,49912,17392,725,118,Yes
CUST3040,43,61088,40092,495,286,Yes
CUST3041,41,61533,24279,515,18,No
CUST3042,20,105591,14736,392,350,No
CUST3043,43,58188,26474,819,103,Yes
CUST3044,21,113117,21198,668,245,No
CUST3045,54,55058,8490,789,345,Yes
CUST3046,53,99349,46252,561,352,No
CUST3047,30,104494,23354,820,166,No
CUST3048,41,71833,13287,414,278,No
CUST3049,53,55553,38309,767,65,No
CUST3050,36,136351,43278,316,88,Yes
CUST3051,22,78313,37046,307,156,No
CUST3052,42,122363,18712,689,102,No
CUST3053,50,133089,10335,730,63,No
CUST3054,46,143046,35845,709,58,Yes
CUST3055,66,67600,48483,402,157,Yes
CUST3056,53,118028,45297,663,23,Yes
CUST3057,35,96928,9251,669,297,No
CUST3058,70,88280,15972,617,214,Yes
CUST3059,57,146553,38332,366,332,No
CUST3060,61,79020,30435,744,280,Yes
CUST3061,57,74262,47275,607,83,Yes
CUST3062,25,41930,38368,534,184,Yes
CUST3063,26,44102,29527,386,16,Yes
CUST3064,24,131963,37675,699,307,No
CUST3065,43,23027,39006,782,352,No
CUST3066,41,36389,35426,316,179,Yes
CUST3067,68,115390,16730,581,80,No
CUST3068,39,50753,26091,631,88,Yes
CUST3069,53,106772,29502,346,317,Yes
CUST3070,41,52983,39437,444,158,Yes
CUST3071,66,143265,36673,554,204,Yes
CUST3072,27,117501,37426,481,77,Yes
CUST3073,30,111841,36048,309,20,No
CUST3074,56,118269,22585,431,314,Yes
CUST3075,50,30494,43088,831,111,No
CUST3076,43,47600,31276,459,199,No
CUST3077,50,41877,46818,443,191,Yes
CUST3078,20,72041,43271,781,206,No
CUST3079,20,33501,47581,339,45,Yes
CUST3080,20,32524,7398,362,347,No
CUST3081,26,28361,18579,514,12,Yes
CUST3082,63,142787,19386,600,121,Yes
CUST3083,39,135171,18303,680,353,Yes
CUST3084,69,82021,34627,724,303,Yes
CUST3085,48,91884,20360,461,317,No
CUST3086,51,27055,30945,729,188,Yes
CUST3087,47,23455,19325,476,77,Yes
CUST3088,27,121047,25053,478,310,No
CUST3089,56,72037,32854,831,266,No
CUST3090,75,88679,29712,455,20,No
CUST3091,50,120269,42445,485,61,Yes
CUST3092,26,30911,15302,673,129,No
CUST3093,38,33622,29517,412,244,No
CUST3094,57,54400,21680,466,72,Yes
CUST3095,38,101015,41080,330,84,No
CUST3096,28,40352,10554,809,153,No
CUST3097,43,31050,13803,508,109,Yes
CUST3098,57,105830,10506,613,229,Yes
CUST3099,65,142105,24336,713,195,Yes
CUST3100,71,136060,34131,682,293,Yes
CUST3101,37,71097,39001,571,179,No
CUST3102,55,60549,28040,628,288,No
CUST3103,39,50062,20084,329,199,Yes
CUST3104,50,52426,43270,326,210,Yes
CUST3105,71,116677,7696,639,169,Yes
CUST3106,50,57247,35490,329,78,No
CUST3107,52,78085,38571,781,120,No
CUST3108,49,102114,45706,335,25,No
CUST3109,63,36569,27044,447,144,Yes
CUST3110,54,37206,32925,717,50,No
CUST3111,37,89041,34566,347,91,No
CUST3112,48,129906,35641,686,25,No
CUST3113,70,42361,33344,837,84,Yes
CUST3114,19,23744,31801,473,258,Yes
CUST3115,41,24607,29085,461,39,Yes
CUST3116,39,106972,37606,402,228,Yes
CUST3117,61,66771,25776,315,75,No
CUST3118,25,132770,22892,657,197,No
CUST3119,44,139966,30059,528,326,Yes
CUST3120,55,62624,6619,394,94,No
CUST3121,37,133277,16768,729,257,Yes
CUST3122,68,82410,33946,367,130,Yes
CUST3123,75,81235,20321,415,297,No
CUST3124,64,147792,22407,787,265,No
CUST3125,73,134150,47293,775,154,No
CUST3126,62,90855,9973,725,42,No
CUST3127,58,142533,28533,849,97,No
CUST3128,19,55705,10401,750,318,Yes
CUST3129,56,91898,24301,437,329,No
CUST3130,48,78306,37883,300,43,No
CUST3131,34,37709,38606,618,238,Yes
CUST3132,59,147079,40825,787,55,Yes
CUST3133,68,144319,47182,780,232,No
CUST3134,67,111438,10122,563,230,No
CUST3135,55,90685,23115,431,314,No
CUST3136,54,43204,19925,630,23,Yes
CUST3137,32,97441,11449,674,223,No
CUST3138,64,98326,12771,398,128,Yes
CUST3139,21,79840,9675,789,78,Yes
CUST3140,55,102712,28608,804,76,No
CUST3141,48,118161,7508,500,156,No
CUST3142,28,103342,40784,428,283,No
CUST3143,51,134988,18127,524,344,Yes
CUST3144,58,93922,26873,827,66,Yes
CUST3145,64,77013,17887,432,187,No
CUST3146,57,88610,49243,446,175,No
CUST3147,67,103858,26577,530,145,Yes
CUST3148,71,103824,21385,384,93,No
CUST3149,42,89964,24838,397,335,No
CUST3150,27,60587,49796,713,340,Yes
CUST3151,70,139134,22987,589,15,No
CUST3152,61,65504,17493,407,125,Yes
CUST3153,33,83131,44585,555,158,Yes
CUST3154,20,90735,14035,531,28,Yes
CUST3155,54,49770,40594,556,139,Yes
CUST3156,62,125474,22113,489,42,No
CUST3157,25,31738,5559,608,75,Yes
CUST3158,30,77915,24626,636,20,Yes
CUST3159,19,60352,23471,773,327,Yes
CUST3160,46,67943,27716,832,197,No
CUST3161,38,74028,31464,829,219,No
CUST3162,44,54053,31591,573,266,Yes
CUST3163,27,40410,43007,434,300,No
CUST3164,44,59789,47946,635,339,No
CUST3165,62,21383,5779,732,243,Yes
CUST3166,31,20012,35933,683,200,No
CUST3167,44,88592,47866,448,228,Yes
CUST3168,50,126873,38596,335,169,No
CUST3169,67,119391,14783,694,330,Yes
CUST3170,57,131142,31050,349,45,Yes
CUST3171,48,37865,19914,502,201,Yes
CUST3172,73,65073,19871,486,238,Yes
CUST3173,72,57586,18754,314,314,Yes
CUST3174,65,81498,36092,446,358,Yes
CUST3175,64,90136,20317,334,190,No
CUST3176,21,21090,38805,543,202,Yes
CUST3177,63,110147,43469,465,157,No
CUST3178,26,140859,41216,706,229,Yes
CUST3179,51,84478,35719,630,100,Yes
CUST3180,31,144119,35238,311,138,Yes
CUST3181,53,119021,27325,792,140,No
CUST3182,38,82530,10627,795,257,No
CUST3183,60,59270,25517,652,66,Yes
CUST3184,48,21197,17310,492,82,No
CUST3185,51,120384,33101,715,140,Yes
CUST3186,42,76418,32373,762,248,Yes
CUST3187,38,124590,18735,519,234,No
CUST3188,29,58393,33749,764,13,No
CUST3189,47,98250,34489,569,68,Yes
CUST3190,52,50305,41598,750,34,No
CUST3191,39,124433,6972,420,296,No
CUST3192,52,20946,29556,586,42,Yes
CUST3193,40,91855,14106,826,72,No
CUST3194,61,68974,42847,645,275,No
CUST3195,67,44716,13411,645,74,Yes
CUST3196,73,73967,25025,490,31,Yes
CUST3197,64,135626,5634,561,118,Yes
CUST3198,61,93472,37754,649,25,No
CUST3199,59,77292,48178,799,223,No
CUST3200,69,71740,28243,767,295,Yes
CUST3201,62,52754,27270,398,129,Yes
CUST3202,34,41400,19777,650,63,Yes
CUST3203,57,113708,32469,831,242,Yes
CUST3204,48,116615,32899,569,216,Yes
CUST3205,30,104671,49942,364,153,Yes
CUST3206,33,71081,31435,674,58,Yes
CUST3207,35,128583,40232,736,262,Yes
CUST3208,53,69592,24637,326,94,No
CUST3209,37,48913,26369,429,228,Yes
CUST3210,32,54469,43466,396,276,Yes
CUST3211,37,30382,6523,532,33,Yes
CUST3212,67,75343,42196,768,290,Yes
CUST3213,36,101962,7110,413,18,No
CUST3214,63,51399,14118,423,276,No
CUST3215,31,87713,15072,602,61,Yes
CUST3216,62,120209,26643,429,355,Yes
CUST3217,63,124852,42236,655,199,Yes
CUST3218,49,139269,46277,614,241,No
CUST3219,38,100375,44518,763,66,Yes
CUST3220,48,125850,44835,746,87,Yes
CUST3221,40,110954,42609,384,315,No
CUST3222,53,109737,30617,816,27,Yes
CUST3223,68,55633,29990,486,67,Yes
CUST3224,64,57313,18382,707,187,No
CUST3225,35,104994,30600,823,43,No
CUST3226,36,117376,9175,499,249,Yes
CUST3227,25,89722,40028,445,55,No
CUST3228,54,126012,30325,527,112,No
CUST3229,61,55235,17342,317,272,No
CUST3230,52,74120,36115,503,33,No
CUST3231,42,44641,12119,662,221,Yes
CUST3232,75,131867,26550,838,243,No
CUST3233,43,28973,42323,455,64,Yes
CUST3234,70,43908,34591,843,138,No
CUST3235,40,37907,46877,837,39,No
CUST3236,67,57957,24965,348,248,Yes
CUST3237,69,34464,11110,845,129,No
CUST3238,27,103478,16234,671,182,No
CUST3239,36,79682,11836,535,52,Yes
CUST3240,20,100967,49229,843,36,No
CUST3241,36,79345,41235,470,159,Yes
CUST3242,63,55669,16641,683,196,Yes
CUST3243,23,111812,7101,462,283,No
CUST3244,40,101625,44542,402,153,Yes
CUST3245,46,84486,37021,469,263,No
CUST3246,59,44613,6758,531,165,Yes
CUST3247,34,62027,17235,455,114,Yes
CUST3248,65,22542,18041,734,217,No
CUST3249,48,39942,9554,507,101,No
CUST3250,31,26505,30289,585,70,Yes
CUST3251,30,147102,23600,350,112,No
CUST3252,70,90119,18493,710,24,No
CUST3253,52,22900,20272,603,20,Yes
CUST3254,35,44371,24077,699,301,Yes
CUST3255,53,147445,48225,834,234,Yes
CUST3256,62,33405,39366,731,105,Yes
CUST3257,35,56977,9586,787,190,Yes
CUST3258,26,55283,34796,779,284,No
CUST3259,24,36389,8765,629,282,Yes
CUST3260,57,113742,29159,439,358,Yes
CUST3261,65,77464,38982,607,193,No
CUST3262,55,115303,5723,300,240,No
CUST3263,33,21075,16260,376,230,Yes
CUST3264,33,50514,26415,557,231,No
CUST3265,21,31822,31926,619,317,No
CUST3266,60,39750,30631,513,141,Yes
CUST3267,75,21930,15291,368,266,Yes
CUST3268,51,84694,12257,360,27,Yes
CUST3269,32,48467,13463,720,116,No
CUST3270,58,64815,40156,443,73,No
CUST3271,32,75082,32421,447,299,No
CUST3272,21,60838,36342,792,14,No
CUST3273,24,122986,9506,464,182,Yes
CUST3274,44,124787,30493,548,113,Yes
CUST3275,39,85325,18531,700,355,No
CUST3276,63,68679,13515,463,114,Yes
CUST3277,48,80776,18479,729,322,No
CUST3278,24,111348,25300,700,218,No
CUST3279,61,123733,33324,498,92,No
CUST3280,67,24159,48567,554,237,No
CUST3281,26,63286,36115,658,142,No
CUST3282,18,30515,15405,372,235,No
CUST3283,53,130565,44564,531,213,Yes
CUST3284,28,118378,42689,582,235,No
CUST3285,44,144733,25336,443,88,Yes
CUST3286,59,39148,43501,711,52,No
CUST3287,74,27345,18302,426,192,No
CUST3288,74,54931,37930,455,311,Yes
CUST3289,48,121666,49881,510,44,Yes
CUST3290,48,71435,35078,754,280,No
CUST3291,59,29356,23051,445,135,No
CUST3292,30,91197,18218,582,82,Yes
CUST3293,66,81623,5487,635,255,No
CUST3294,36,43803,14351,311,21,No
CUST3295,38,45191,34211,420,28,No
CUST3296,36,137401,9192,833,41,Yes
CUST3297,59,130302,31164,618,148,No
CUST3298,21,52778,44639,836,218,Yes
CUST3299,67,127118,21176,405,224,Yes
CUST3300,23,70014,39462,782,229,No
CUST3301,59,128560,26554,537,63,Yes
CUST3302,54,21653,42304,748,171,Yes
CUST3303,32,35985,37175,605,181,No
CUST3304,52,147742,35159,427,332,Yes
CUST3305,65,120682,35323,765,313,Yes
CUST3306,64,113674,42757,457,24,Yes
CUST3307,72,52631,7561,372,46,No
CUST3308,20,70436,10970,649,71,Yes
CUST3309,29,121086,23868,578,37,No
CUST3310,44,147791,47355,341,240,No
CUST3311,74,78059,34904,690,313,No
CUST3312,71,52396,27726,561,260,No
CUST3313,29,116681,24493,415,353,Yes
CUST3314,20,24392,30630,777,251,No
CUST3315,71,46106,45175,736,75,Yes
CUST3316,43,80402,16477,472,141,Yes
CUST3317,68,116380,32200,798,31,No
CUST3318,49,121055,21327,598,22,No
CUST3319,29,32315,16768,530,347,No
CUST3320,65,88306,45483,835,146,No
CUST3321,73,107294,33316,405,311,Yes
CUST3322,36,148727,35004,390,132,No
CUST3323,74,47321,30209,671,290,No
CUST3324,20,81974,48193,547,294,No
CUST3325,18,71003,17022,806,46,Yes
CUST3326,37,109318,42264,742,300,Yes
CUST3327,54,145988,11260,731,335,No
CUST3328,56,60908,30791,358,150,No
CUST3329,24,142711,7861,407,305,No
CUST3330,39,62344,20708,586,13,Yes
CUST3331,36,40789,15350,582,173,No
CUST3332,47,102465,22942,557,139,Yes
CUST3333,59,115451,46162,820,353,No
CUST3334,52,25529,40241,636,45,Yes
CUST3335,51,117612,24129,729,174,No
CUST3336,49,142869,48690,557,100,No
CUST3337,74,92034,9374,665,33,Yes
CUST3338,26,88278,19238,385,142,Yes
CUST3339,72,36009,37341,313,324,No
CUST3340,50,53202,31953,403,323,No
CUST3341,47,83075,41229,797,268,Yes
CUST3342,35,103692,12944,548,31,Yes
CUST3343,30,59166,29165,806,313,Yes
CUST3344,69,46047,10015,526,164,No
CUST3345,25,67241,11895,744,343,Yes
CUST3346,39,136328,38056,572,318,No
CUST3347,28,26827,26365,406,266,No
CUST3348,64,133201,31876,799,214,No
CUST3349,47,107385,34552,684,322,No
CUST3350,59,48545,15802,831,282,Yes
CUST3351,34,147568,21565,691,264,Yes
CUST3352,63,34801,18590,343,339,No
CUST3353,29,50928,38165,410,126,No
CUST3354,18,102956,7925,400,343,Yes
CUST3355,65,76906,35288,397,45,No
CUST3356,39,62534,6750,420,113,Yes
CUST3357,68,21974,9796,544,249,Yes
CUST3358,36,41936,46868,669,314,Yes
CUST3359,54,124122,49277,731,236,No
CUST3360,61,56188,35271,703,73,Yes
CUST3361,66,96637,29979,340,224,No
CUST3362,30,35682,27521,655,207,No
CUST3363,29,71879,31171,750,320,Yes
CUST3364,57,123434,17740,771,296,No
CUST3365,72,51862,30996,835,161,No
CUST3366,58,21170,7475,338,64,No
CUST3367,75,146987,5703,708,222,Yes
CUST3368,43,25504,21423,742,207,No
CUST3369,70,96162,12515,326,62,Yes
CUST3370,45,122691,13944,521,88,No
CUST3371,50,110538,26437,485,122,No
CUST3372,38,82294,48928,324,260,No
CUST3373,23,110230,35424,636,158,Yes
CUST3374,43,98146,36769,401,37,No
CUST3375,60,40315,35235,599,260,Yes
CUST3376,24,68679,9471,722,257,No
CUST3377,29,121029,10409,329,304,No
CUST3378,26,31728,40941,767,148,Yes
CUST3379,48,52600,48058,559,139,No
CUST3380,38,40669,20878,667,131,No
CUST3381,33,85525,33686,652,101,No
CUST3382,18,31980,14191,660,177,No
CUST3383,34,109908,35853,554,235,No
CUST3384,42,101087,23293,583,105,No
CUST3385,33,64357,15575,756,119,Yes
CUST3386,46,142008,16179,348,275,No
CUST3387,66,147094,6183,632,354,Yes
CUST3388,35,119557,44779,769,314,No
CUST3389,39,101937,11587,569,316,Yes
CUST3390,37,27871,16615,464,160,No
CUST3391,55,27834,24277,514,310,No
CUST3392,64,66598,13136,629,303,Yes
CUST3393,54,104485,40039,710,70,No
CUST3394,18,40174,30614,656,324,Yes
CUST3395,34,111924,16039,476,240,Yes
CUST3396,59,90300,10084,811,19,Yes
CUST3397,41,123739,49000,391,46,No
CUST3398,62,34076,5734,641,147,No
CUST3399,33,36492,49392,660,96,Yes
CUST3400,21,83942,22907,533,232,Yes
CUST3401,60,50497,15059,624,350,Yes
CUST3402,25,61515,33878,613,83,No
CUST3403,47,148670,28467,403,25,No
CUST3404,37,93184,16661,392,121,Yes
CUST3405,28,123358,19199,715,251,No
CUST3406,43,104495,7257,620,38,No
CUST3407,61,119181,49239,809,275,Yes
CUST3408,50,65523,39884,490,247,No
CUST3409,75,125581,19166,691,288,Yes
CUST3410,74,136889,33970,507,99,No
CUST3411,63,77503,8129,571,66,No
CUST3412,67,116100,46601,797,57,No
CUST3413,37,45292,39267,659,222,Yes
CUST3414,62,22798,47009,645,40,No
CUST3415,25,110341,48420,748,93,Yes
CUST3416,58,69514,48256,670,350,Yes
CUST3417,36,66945,11736,463,352,Yes
CUST3418,41,114948,30599,472,349,No
CUST3419,57,37659,25206,630,26,No
CUST3420,32,52859,34097,316,334,No
CUST3421,32,137789,8435,414,350,Yes
CUST3422,26,25175,44203,494,333,Yes
CUST3423,48,83609,5305,617,144,Yes
CUST3424,27,112618,8189,818,60,No
CUST3425,47,77344,29732,603,291,No
CUST3426,65,93272,18221,482,54,No
CUST3427,56,58628,21364,707,132,Yes
CUST3428,41,91137,29552,377,201,Yes
CUST3429,44,111362,20632,503,326,No
CUST3430,62,84237,18106,395,304,No
CUST3431,53,44874,10989,392,274,Yes
CUST3432,48,94278,6051,714,316,Yes
CUST3433,66,44461,32635,569,270,Yes
CUST3434,52,91253,6831,449,311,Yes
CUST3435,69,65569,5954,648,241,No
CUST3436,60,62425,27093,845,87,No
CUST3437,70,115997,17592,662,69,No
CUST3438,31,81393,49561,706,54,No
CUST3439,66,56087,48840,436,239,Yes
CUST3440,33,133726,9140,694,23,Yes
CUST3441,61,128966,19455,406,287,No
CUST3442,66,98470,11330,600,269,No
CUST3443,56,139861,48523,384,332,No
CUST3444,73,132795,16002,631,312,Yes
CUST3445,68,92682,15947,530,160,No
CUST3446,23,41016,7884,753,350,Yes
CUST3447,51,29027,32242,341,272,No
CUST3448,46,89617,38587,551,27,No
CUST3449,51,40319,12057,458,48,Yes
CUST3450,63,78901,26439,580,291,No
CUST3451,41,58754,26147,326,216,Yes
CUST3452,22,127402,41834,806,145,No
CUST3453,54,54517,46077,529,167,Yes
CUST3454,25,90989,17422,524,285,No
CUST3455,21,68118,45938,551,82,No
CUST3456,71,79517,18573,531,94,Yes
CUST3457,53,20094,40501,750,73,No
CUST3458,75,121701,30890,521,243,No
CUST3459,50,103627,33041,448,194,Yes
CUST3460,30,86316,12917,312,279,No
CUST3461,54,69681,20231,603,274,Yes
CUST3462,52,116161,19010,549,131,Yes
CUST3463,27,44318,11939,321,304,Yes
CUST3464,28,135727,28368,794,237,No
CUST3465,38,22453,26192,749,271,Yes
CUST3466,72,101229,16378,724,203,No
CUST3467,51,132306,5982,496,236,No
CUST3468,46,67720,31354,722,17,Yes
CUST3469,25,121714,47860,490,288,No
CUST3470,61,101290,25725,831,100,No
CUST3471,31,51298,5785,709,43,Yes
CUST3472,63,62034,30505,696,25,No
CUST3473,55,114503,18943,567,144,No
CUST3474,49,28302,35066,672,288,Yes
CUST3475,23,106283,19424,569,35,Yes
CUST3476,75,146768,9326,741,226,Yes
CUST3477,50,90642,48120,679,254,Yes
CUST3478,46,127354,23248,673,175,No
CUST3479,69,70789,47594,540,254,Yes
CUST3480,21,44886,45888,627,353,Yes
CUST3481,47,88690,29181,665,59,No
CUST3482,26,109551,7879,378,104,Yes
CUST3483,50,85214,9412,437,108,Yes
CUST3484,44,120366,19323,629,206,Yes
CUST3485,47,92281,31941,552,300,Yes
CUST3486,54,40202,24761,431,55,No
CUST3487,21,100352,44247,398,165,Yes
CUST3488,53,57110,37740,819,316,Yes
CUST3489,47,62283,11672,787,218,No
CUST3490,61,73713,40139,848,58,No
CUST3491,69,104004,42303,621,343,Yes
CUST3492,37,62208,16236,407,354,Yes
CUST3493,64,34478,21511,533,55,No
CUST3494,19,32616,11209,656,92,Yes
CUST3495,43,88576,44312,529,273,No
CUST3496,34,106362,26256,776,267,Yes
CUST3497,70,28739,46344,575,357,No
CUST3498,18,25737,30465,354,314,No
CUST3499,65,129470,49426,771,150,No
CUST3500,31,142919,13711,748,96,Yes
CUST3501,55,37009,26761,809,319,No
CUST3502,22,43414,16490,746,355,No
CUST3503,20,134490,46638,366,228,Yes
CUST3504,45,24099,25838,475,298,Yes
CUST3505,40,46486,48671,322,270,Yes
CUST3506,62,34031,36596,759,89,Yes
CUST3507,22,83618,9424,358,249,Yes
CUST3508,52,45115,26961,655,212,Yes
CUST3509,21,32943,6156,788,308,No
CUST3510,75,24170,44880,451,355,No
CUST3511,22,94843,43340,365,256,Yes
CUST3512,48,104115,34419,662,352,Yes
CUST3513,20,129615,30059,366,337,No
CUST3514,36,70934,38490,582,37,No
CUST3515,44,106235,46981,558,148,No
CUST3516,29,84213,20232,328,34,No
CUST3517,67,88920,37992,802,313,Yes
CUST3518,26,101785,43500,741,193,No
CUST3519,67,111922,5871,436,129,Yes
CUST3520,59,97371,20244,705,72,Yes
CUST3521,64,53546,6390,520,144,No
CUST3522,59,26433,45393,762,57,No
CUST3523,44,68018,13130,617,309,Yes
CUST3524,41,48930,25240,611,228,Yes
CUST3525,75,99423,20492,638,69,No
CUST3526,42,114089,33082,538,193,No
CUST3527,46,29289,20961,820,230,Yes
CUST3528,73,21715,45616,716,34,No
CUST3529,42,141924,10202,447,265,Yes
CUST3530,42,140721,8927,622,294,No
CUST3531,23,47359,14014,306,340,Yes
CUST3532,61,105950,29544,354,139,Yes
CUST3533,60,84409,37684,666,102,Yes
CUST3534,73,141687,24438,422,261,Yes
CUST3535,52,136623,18239,372,157,No
CUST3536,26,129062,14939,365,357,Yes
CUST3537,59,30480,29625,842,295,No
CUST3538,73,81349,18394,723,297,No
CUST3539,40,124991,47076,465,126,Yes
CUST3540,25,103744,7484,499,182,No
CUST3541,29,27956,20601,554,205,No
CUST3542,52,67307,44195,483,193,No
CUST3543,43,93140,34080,485,66,Yes
CUST3544,51,117449,26541,330,247,Yes
CUST3545,26,142977,13799,806,309,No
CUST3546,64,136710,23227,422,349,Yes
CUST3547,32,74519,25810,639,355,Yes
CUST3548,71,127744,47179,391,340,No
CUST3549,18,68374,7595,396,215,No
CUST3550,66,124103,39135,713,105,Yes
CUST3551,19,112855,32190,696,161,Yes
CUST3552,37,27641,47470,717,339,No
CUST3553,47,127956,23904,690,35,Yes
CUST3554,61,100862,6552,785,321,Yes
CUST3555,64,54840,20008,441,227,No
CUST3556,52,89339,26710,651,339,Yes
CUST3557,45,25328,27461,487,156,Yes
CUST3558,52,116246,20876,398,324,No
CUST3559,42,29225,18488,618,204,Yes
CUST3560,70,129373,40344,663,208,Yes
CUST3561,32,59833,8543,481,291,No
CUST3562,33,30215,48581,740,139,No
CUST3563,47,143811,21275,558,147,Yes
CUST3564,40,48298,19578,811,325,No
CUST3565,27,145906,44850,392,231,Yes
CUST3566,35,88089,30001,488,25,Yes
CUST3567,30,32729,39175,566,148,Yes
CUST3568,74,33267,26078,711,243,Yes
CUST3569,64,115049,17028,505,273,Yes
CUST3570,66,50279,33990,532,171,No
CUST3571,25,89685,46273,659,89,Yes
CUST3572,20,70506,5396,383,45,No
CUST3573,69,44832,9234,647,239,Yes
CUST3574,60,45312,37220,762,17,Yes
CUST3575,44,88969,9586,396,90,No
CUST3576,57,106098,17613,836,299,Yes
CUST3577,67,52605,8414,563,185,No
CUST3578,74,94714,46573,320,64,No
CUST3579,74,101962,14275,362,209,No
CUST3580,19,144191,18383,360,84,Yes
CUST3581,33,43448,13228,682,93,Yes
CUST3582,31,93193,11013,397,194,No
CUST3583,22,118198,16382,472,308,Yes
CUST3584,24,93156,43838,301,136,No
CUST3585,56,74419,40969,841,334,Yes
CUST3586,20,117793,18393,312,220,No
CUST3587,46,33829,20486,304,152,No
CUST3588,56,120438,38254,634,289,Yes
CUST3589,61,103705,10122,693,291,Yes
CUST3590,63,95571,32934,613,76,No
CUST3591,73,66918,35610,328,12,Yes
CUST3592,21,108407,25412,683,269,No
CUST3593,33,80125,15758,371,305,Yes
CUST3594,65,112084,17945,476,125,No
CUST3595,20,107194,21051,493,148,Yes
CUST3596,43,75977,32788,810,285,Yes
CUST3597,46,135713,16562,486,216,No
CUST3598,32,33644,44705,848,284,No
CUST3599,52,41864,21316,523,268,No
CUST3600,31,123869,24864,653,128,Yes
CUST3601,66,43644,23700,399,326,Yes
CUST3602,73,92085,42776,458,33,Yes
CUST3603,67,72632,34377,683,235,Yes
CUST3604,21,86151,46654,481,82,Yes
CUST3605,26,64238,18199,751,144,Yes
CUST3606,50,106184,22816,481,214,Yes
CUST3607,36,40732,36534,819,257,No
CUST3608,32,89979,10243,452,89,Yes
CUST3609,70,98632,28565,755,281,Yes
CUST3610,64,78066,31099,331,239,No
CUST3611,54,142358,29754,339,320,Yes
CUST3612,38,66179,15994,850,306,No
CUST3613,54,138290,35848,423,46,No
CUST3614,56,61307,33926,619,229,No
CUST3615,67,92100,32701,598,23,Yes
CUST3616,61,149953,38114,410,331,No
CUST3617,70,62553,44937,657,44,No
CUST3618,38,130736,33405,484,57,Yes
CUST3619,33,68722,15215,830,165,No
CUST3620,37,74046,36588,471,49,No
CUST3621,74,120163,6298,402,121,No
CUST3622,27,103000,29996,809,69,Yes
CUST3623,60,76438,33009,497,312,Yes
CUST3624,51,128285,10454,458,139,Yes
CUST3625,32,115140,24675,645,195,Yes
CUST3626,44,62395,44005,765,350,No
CUST3627,37,99745,40205,698,319,Yes
CUST3628,35,51551,15013,758,339,No
CUST3629,21,93812,41231,419,95,Yes
CUST3630,53,91516,16514,367,116,No
CUST3631,55,48039,21861,646,220,Yes
CUST3632,74,69160,29933,552,67,No
CUST3633,65,120362,35385,674,131,Yes
CUST3634,29,92120,25044,444,121,Yes
CUST3635,58,141391,34727,545,255,Yes
CUST3636,61,117593,23561,802,220,Yes
CUST3637,45,53303,29585,492,12,No
CUST3638,53,67187,41840,713,186,No
CUST3639,49,146045,44716,342,107,Yes
CUST3640,21,79297,36512,666,139,Yes
CUST3641,40,78654,9714,360,34,Yes
CUST3642,59,145806,26838,791,142,No
CUST3643,60,72047,13955,401,176,No
CUST3644,42,20025,35753,832,296,No
CUST3645,68,115199,17826,393,273,Yes
CUST3646,51,24543,15140,628,60,Yes
CUST3647,38,148838,17427,839,217,No
CUST3648,62,57287,5273,844,182,No
CUST3649,44,98087,5841,834,23,Yes
CUST3650,44,22136,37813,703,96,Yes
CUST3651,27,87844,29527,505,196,No
CUST3652,37,37705,37207,589,154,Yes
CUST3653,42,136696,31512,628,166,No
CUST3654,29,59562,32251,438,265,No
CUST3655,66,20860,30863,758,86,Yes
CUST3656,52,59365,29454,502,146,No
CUST3657,48,149026,30168,599,75,Yes
CUST3658,33,49083,37083,736,327,No
CUST3659,72,48157,25172,713,61,No
CUST3660,32,132160,47011,745,231,Yes
CUST3661,37,61275,43555,686,174,No
CUST3662,72,22844,9668,384,344,No
CUST3663,63,121125,31790,802,28,Yes
CUST3664,27,127733,7544,324,110,No
CUST3665,69,143646,13157,803,160,No
CUST3666,47,110402,30219,406,152,No
CUST3667,21,127785,42067,629,26,Yes
CUST3668,53,56170,15640,795,302,Yes
CUST3669,44,140469,17728,698,225,No
CUST3670,44,92569,33593,613,217,No
CUST3671,53,87013,21728,809,44,Yes
CUST3672,51,92918,27844,594,252,Yes
CUST3673,26,94798,38397,356,259,No
CUST3674,42,141362,37022,840,45,No
CUST3675,33,94922,46614,342,276,No
CUST3676,34,40278,29129,492,76,Yes
CUST3677,31,32358,8781,391,144,No
CUST3678,39,24946,47657,614,316,No
CUST3679,59,80341,30253,477,287,No
CUST3680,23,66616,32789,621,305,No
CUST3681,46,40461,21173,349,291,Yes
CUST3682,72,38141,20882,847,334,Yes
CUST3683,41,54732,36308,328,33,Yes
CUST3684,23,68114,7261,348,291,Yes
CUST3685,52,136604,28685,610,289,No
CUST3686,64,96304,46350,694,13,Yes
CUST3687,71,52749,49330,492,217,No
CUST3688,30,50539,6851,660,248,No
CUST3689,21,53586,48625,850,294,No
CUST3690,35,126309,47292,353,86,No
CUST3691,42,59361,14691,744,61,No
CUST3692,61,32046,22126,820,151,Yes
CUST3693,56,94774,44677,836,52,Yes
CUST3694,56,72402,34849,482,238,No
CUST3695,20,94588,49634,820,150,No
CUST3696,73,140308,14657,679,223,No
CUST3697,22,48499,21665,345,276,Yes
CUST3698,30,116241,21214,519,65,Yes
CUST3699,69,30118,44462,401,127,Yes
CUST3700,66,114841,42902,768,179,No
CUST3701,55,62558,48424,490,330,Yes
CUST3702,64,123927,15579,526,106,No
CUST3703,60,83246,5808,627,213,Yes
CUST3704,53,42662,12650,374,332,Yes
CUST3705,31,83999,11049,508,204,No
CUST3706,48,128226,47231,807,147,Yes
CUST3707,31,137836,30188,511,291,Yes
CUST3708,73,110386,31061,315,228,No
CUST3709,39,112123,43414,346,327,No
CUST3710,37,95527,10265,690,351,No
CUST3711,18,127415,38982,510,287,Yes
CUST3712,31,138968,17374,419,328,No
CUST3713,30,32499,32718,597,139,No
CUST3714,65,98018,15867,304,309,Yes
CUST3715,25,104181,32975,546,214,Yes
CUST3716,65,59373,21572,638,328,No
CUST3717,66,24898,24806,481,293,No
CUST3718,48,115786,37810,699,237,Yes
CUST3719,33,125950,39943,533,171,Yes
CUST3720,62,95534,48154,680,271,Yes
CUST3721,56,70010,30086,711,207,No
CUST3722,63,30286,43409,345,302,No
CUST3723,31,122252,25183,459,171,No
CUST3724,43,27329,31975,445,58,No
CUST3725,33,140831,10824,552,179,No
CUST3726,53,121043,12161,564,186,No
CUST3727,38,63829,46692,732,313,Yes
CUST3728,67,65603,42526,617,145,No
CUST3729,36,135316,27570,509,172,No
CUST3730,42,127104,14352,579,349,Yes
CUST3731,47,76925,22630,719,37,No
CUST3732,52,74594,18731,310,68,Yes
CUST3733,59,141929,31081,725,75,Yes
CUST3734,40,133748,25191,723,326,No
CUST3735,37,35799,5420,686,81,Yes
CUST3736,34,134004,16036,584,318,Yes
CUST3737,41,120976,37225,494,359,No
CUST3738,50,49716,5103,799,104,Yes
CUST3739,74,117999,11348,559,41,Yes
CUST3740,49,105561,9577,310,256,No
CUST3741,47,131342,32383,704,196,Yes
CUST3742,24,98944,39403,342,138,Yes
CUST3743,69,141720,32318,759,207,Yes
CUST3744,64,21498,47894,431,34,Yes
CUST3745,48,103084,23896,528,191,Yes
CUST3746,66,121897,33242,372,70,No
CUST3747,71,102862,16182,417,48,Yes
CUST3748,38,70133,16560,418,254,Yes
CUST3749,31,27094,29553,462,52,Yes
CUST3750,41,59948,17215,800,228,Yes
CUST3751,38,88731,13803,368,43,No
CUST3752,44,25397,17977,487,128,No
CUST3753,20,61853,36881,849,317,Yes
CUST3754,54,90769,16926,635,287,No
CUST3755,73,94044,37939,471,296,No
CUST3756,32,39605,12224,562,214,Yes
CUST3757,65,62838,34534,707,118,Yes
CUST3758,27,85850,42164,591,227,No
CUST3759,19,111457,18931,849,172,Yes
CUST3760,34,48940,17165,593,139,Yes
CUST3761,53,40079,18168,591,222,No
CUST3762,55,26621,8865,567,343,Yes
CUST3763,55,108294,16975,411,76,Yes
CUST3764,64,115889,17575,422,63,No
CUST3765,44,71495,21996,704,275,Yes
CUST3766,36,147276,31790,506,308,Yes
CUST3767,27,78407,33883,388,145,Yes
CUST3768,30,118676,46080,809,179,No
CUST3769,39,98005,45922,505,202,No
CUST3770,32,95399,12156,430,318,Yes
CUST3771,42,86155,46709,830,40,No
CUST3772,54,31807,15887,336,206,Yes
CUST3773,71,49109,10230,780,260,Yes
CUST3774,33,76614,24210,790,15,No
CUST3775,49,57982,10616,411,37,No
CUST3776,53,123070,29754,414,24,No
CUST3777,59,71684,13171,534,316,No
CUST3778,61,39400,23137,338,347,Yes
CUST3779,39,37326,9211,697,345,Yes
CUST3780,34,64062,27423,488,305,No
CUST3781,66,30819,6944,385,166,Yes
CUST3782,70,82371,43380,369,81,No
CUST3783,49,94899,20386,547,164,Yes
CUST3784,64,117689,36319,746,283,Yes
CUST3785,59,26463,36797,679,309,Yes
CUST3786,65,91847,49092,748,140,Yes
CUST3787,49,72322,11606,446,103,No
CUST3788,47,54413,5623,752,36,Yes
CUST3789,28,31151,9001,342,162,Yes
CUST3790,64,72235,22437,815,204,No
CUST3791,68,85774,5473,493,204,No
CUST3792,40,76949,48602,515,152,No
CUST3793,28,121426,43171,625,297,Yes
CUST3794,26,111471,7743,344,326,No
CUST3795,64,37088,11346,314,234,No
CUST3796,52,119881,18832,456,232,Yes
CUST3797,49,37677,39231,649,266,Yes
CUST3798,29,83035,5475,556,222,No
CUST3799,74,93308,29619,479,37,No
CUST3800,52,45966,44517,658,179,Yes
CUST3801,59,83944,39083,773,235,Yes
CUST3802,21,71815,22421,505,146,Yes
CUST3803,51,105491,36845,357,94,No
CUST3804,20,94885,36013,700,19,No
CUST3805,71,45703,27087,689,171,Yes
CUST3806,72,93553,44608,456,173,Yes
CUST3807,22,100739,33144,598,228,No
CUST3808,70,116425,27056,817,198,No
CUST3809,60,88714,29299,365,262,No
CUST3810,21,52275,49686,530,238,Yes
CUST3811,66,51760,27483,488,186,No
CUST3812,18,29390,25658,499,287,No
CUST3813,44,54898,20702,643,26,No
CUST3814,26,121813,28672,749,304,Yes
CUST3815,71,76369,48586,325,242,No
CUST3816,58,62390,31114,751,169,Yes
CUST3817,32,109749,29801,371,175,No
CUST3818,22,141128,45029,551,125,Yes
CUST3819,63,95499,8751,841,110,No
CUST3820,27,31743,28332,594,271,No
CUST3821,18,34749,26643,464,323,No
CUST3822,31,108047,11565,446,26,Yes
CUST3823,50,74209,5202,625,229,Yes
CUST3824,47,75514,34944,358,78,No
CUST3825,41,67876,31332,414,136,Yes
CUST3826,21,65653,14100,366,201,Yes
CUST3827,57,44967,6682,719,144,Yes
CUST3828,58,62039,44446,830,219,No
CUST3829,60,65157,13054,847,207,No
CUST3830,57,97840,39775,317,78,No
CUST3831,48,105905,23315,473,336,Yes
CUST3832,60,23172,21288,629,106,Yes
CUST3833,49,120883,29145,679,226,Yes
CUST3834,19,59953,34616,339,184,No
CUST3835,18,42184,45524,446,160,No
CUST3836,52,149453,49969,406,39,No
CUST3837,53,65838,48180,539,67,Yes
CUST3838,44,100769,36142,306,215,Yes
CUST3839,18,127686,38745,690,335,Yes
CUST3840,19,149782,32074,303,183,No
CUST3841,51,125224,48268,359,321,No
CUST3842,64,77961,17316,696,323,Yes
CUST3843,35,101681,5205,422,189,Yes
CUST3844,52,39112,46816,529,129,No
CUST3845,36,77732,26114,336,39,Yes
CUST3846,19,25882,6089,375,16,Yes
CUST3847,50,141138,46535,320,357,Yes
CUST3848,70,127239,28606,787,229,Yes
CUST3849,62,50603,7998,695,94,No
CUST3850,61,46173,26333,589,107,Yes
CUST3851,45,109831,49428,696,72,Yes
CUST3852,69,68997,34118,760,101,No
CUST3853,29,40446,20306,543,89,Yes
CUST3854,24,119317,44764,802,162,Yes
CUST3855,24,115484,36754,556,104,No
CUST3856,51,131773,31225,653,243,Yes
CUST3857,27,31247,45146,765,231,Yes
CUST3858,33,34728,10332,790,256,No
CUST3859,30,116938,27828,456,348,Yes
CUST3860,57,27148,33043,765,254,No
CUST3861,51,51856,36203,849,171,No
CUST3862,34,144379,48144,668,217,No
CUST3863,70,101396,11583,529,80,No
CUST3864,40,141468,30222,447,173,No
CUST3865,35,39356,24258,593,325,Yes
CUST3866,68,133869,44791,478,46,No
CUST3867,43,129110,17784,697,211,No
CUST3868,23,127496,14382,563,26,No
CUST3869,41,57707,39082,464,65,Yes
CUST3870,43,21800,42479,676,52,No
CUST3871,47,64993,38071,321,102,No
CUST3872,54,110937,7080,742,155,Yes
CUST3873,33,125418,13379,607,63,Yes
CUST3874,62,34585,37632,447,59,No
CUST3875,32,59992,10707,343,202,Yes
CUST3876,37,78990,24749,770,269,Yes
CUST3877,61,81759,49109,720,140,No
CUST3878,70,22981,40962,532,285,No
CUST3879,72,63499,35592,711,276,No
CUST3880,23,47395,16013,428,339,Yes
CUST3881,59,116994,34247,661,210,Yes
CUST3882,72,90517,12581,513,42,No
CUST3883,59,47770,36599,715,15,Yes
CUST3884,66,46712,48426,731,286,No
CUST3885,20,91620,40433,727,19,Yes
CUST3886,23,88585,20787,771,67,No
CUST3887,43,118350,20948,763,254,Yes
CUST3888,42,53902,18870,754,313,Yes
CUST3889,42,91932,16169,697,276,No
CUST3890,53,83311,48237,774,214,Yes
CUST3891,48,101663,10861,672,258,No
CUST3892,21,115672,11912,645,265,No
CUST3893,58,38526,33501,633,298,No
CUST3894,18,111104,6915,708,77,Yes
CUST3895,62,111587,15501,436,112,No
CUST3896,28,107590,26397,842,52,Yes
CUST3897,23,22410,30132,510,100,Yes
CUST3898,49,69362,23373,551,307,No
CUST3899,72,96415,19442,522,316,Yes
CUST3900,45,138756,21883,495,195,No
CUST3901,59,106969,48642,499,239,No
CUST3902,68,89048,36214,672,18,Yes
CUST3903,39,25699,48948,774,151,Yes
CUST3904,54,53483,13067,718,240,No
CUST3905,72,42324,48612,683,81,No
CUST3906,24,27878,13896,614,221,No
CUST3907,75,57226,40031,518,146,No
CUST3908,51,46305,46520,702,96,No
CUST3909,20,123440,37241,444,338,No
CUST3910,32,111295,10927,781,229,Yes
CUST3911,31,100997,26810,411,50,Yes
CUST3912,75,55557,19667,763,87,No
CUST3913,73,26957,42746,607,68,Yes
CUST3914,62,80943,44366,722,96,No
CUST3915,74,105820,9238,352,39,No
CUST3916,54,143886,47204,504,116,Yes
CUST3917,48,21092,27493,522,282,Yes
CUST3918,35,28729,29707,645,140,No
CUST3919,20,70940,30011,460,129,Yes
CUST3920,22,106556,47855,693,257,Yes
CUST3921,61,55561,47080,829,187,Yes
CUST3922,35,106898,41824,742,128,No
CUST3923,75,131684,33636,484,232,No
CUST3924,52,139651,20293,753,189,No
CUST3925,54,106520,19650,324,313,Yes
CUST3926,60,67214,21979,511,209,No
CUST3927,20,133283,12581,695,284,Yes
CUST3928,29,34141,24069,476,36,Yes
CUST3929,72,22500,10746,579,248,Yes
CUST3930,38,58337,12299,459,295,Yes
CUST3931,19,133693,10841,711,191,Yes
CUST3932,31,135789,27297,502,337,Yes
CUST3933,55,105119,43810,454,98,Yes
CUST3934,27,70662,17331,721,200,No
CUST3935,66,50299,12609,624,147,No
CUST3936,70,148423,42541,779,275,Yes
CUST3937,63,69899,29100,551,101,Yes
CUST3938,70,86655,13350,433,170,Yes
CUST3939,43,148006,25537,798,77,No
CUST3940,22,113020,29916,623,75,No
CUST3941,37,33055,42808,843,355,No
CUST3942,28,138472,5110,336,297,Yes
CUST3943,54,61347,25368,399,131,No
CUST3944,33,83525,9055,366,269,Yes
CUST3945,54,133609,43670,387,178,Yes
CUST3946,71,98263,40101,321,141,No
CUST3947,72,89672,17442,308,197,No
CUST3948,42,31537,30437,354,149,Yes
CUST3949,61,44434,32767,639,36,No
CUST3950,75,46066,25948,392,28,Yes
CUST3951,52,85621,28922,620,358,No
CUST3952,39,146719,49518,665,231,No
CUST3953,42,80029,13277,507,142,No
CUST3954,66,93490,39062,454,168,Yes
CUST3955,65,141418,48499,518,346,Yes
CUST3956,26,113384,44427,614,200,Yes
CUST3957,68,22816,43717,367,158,No
CUST3958,62,25210,19558,671,345,No
CUST3959,64,52426,11985,623,251,Yes
CUST3960,23,140883,30907,757,185,Yes
CUST3961,50,89391,5602,786,86,Yes
CUST3962,65,59967,40277,646,112,Yes
CUST3963,40,63721,35186,479,51,No
CUST3964,21,84216,25704,596,69,No
CUST3965,24,71563,14483,610,83,No
CUST3966,45,117568,24452,403,111,Yes
CUST3967,32,40578,19346,463,90,Yes
CUST3968,71,22408,37757,455,241,No
CUST3969,22,65453,49563,467,158,No
CUST3970,39,109694,34870,725,287,Yes
CUST3971,56,66125,14661,421,326,No
CUST3972,67,66580,44417,845,263,Yes
CUST3973,57,101950,23572,719,329,Yes
CUST3974,56,59626,14559,462,55,Yes
CUST3975,43,50959,48604,780,242,Yes
CUST3976,67,148220,7250,587,236,Yes
CUST3977,38,148265,44248,555,215,No
CUST3978,19,85700,25980,416,117,Yes
CUST3979,58,56159,25243,450,136,Yes
CUST3980,35,126416,37923,755,352,Yes
CUST3981,68,28127,13091,399,162,Yes
CUST3982,46,102023,22920,340,342,Yes
CUST3983,49,53774,42615,438,340,No
CUST3984,32,135169,36344,690,359,No
CUST3985,40,70747,46358,784,97,Yes
CUST3986,53,136706,19136,688,262,Yes
CUST3987,42,126805,37441,788,98,No
CUST3988,45,149808,24103,474,27,No
CUST3989,29,23862,29687,320,110,No
CUST3990,61,143749,8854,671,296,Yes
CUST3991,55,92737,26832,751,287,No
CUST3992,60,144402,15007,486,206,Yes
CUST3993,42,56725,18802,758,98,No
CUST3994,23,49567,19750,320,49,Yes
CUST3995,67,39884,8444,803,255,Yes
CUST3996,57,64798,16732,652,193,Yes
CUST3997,36,137594,36949,647,18,Yes
CUST3998,69,71491,30677,387,347,No
CUST3999,33,106105,24601,678,289,Yes
CUST4000,63,37991,48204,370,43,No
CUST4001,22,31507,15432,481,46,No
CUST4002,23,115668,6413,438,322,Yes
CUST4003,35,70096,40909,607,210,Yes
CUST4004,27,88251,30708,703,138,Yes
CUST4005,42,145908,27112,453,33,No
CUST4006,63,108866,32684,413,142,Yes
CUST4007,68,100274,49426,501,180,No
CUST4008,58,134386,36026,628,337,Yes
CUST4009,27,101988,27826,599,111,No
CUST4010,65,109983,30648,385,28,No
CUST4011,42,49809,30628,663,209,No
CUST4012,38,74700,9707,806,323,No
CUST4013,41,51504,39592,316,129,No
CUST4014,24,95090,23549,727,178,No
CUST4015,23,40021,23505,473,291,No
CUST4016,18,75897,17785,673,269,Yes
CUST4017,37,147210,40914,558,86,Yes
CUST4018,46,60944,30806,496,148,Yes
CUST4019,41,139240,11377,825,331,Yes
CUST4020,66,99346,13578,586,129,No
CUST4021,35,63160,26195,832,181,Yes
CUST4022,24,78873,43036,324,129,No
CUST4023,26,91071,8547,801,168,No
CUST4024,23,37271,24927,626,18,Yes
CUST4025,29,47100,34984,470,30,No
CUST4026,45,105520,47902,353,336,Yes
CUST4027,46,38163,15727,544,65,No
CUST4028,53,96156,42824,613,275,No
CUST4029,53,90956,14015,569,47,No
CUST4030,50,109659,33959,759,214,No
CUST4031,44,124871,36617,743,237,No
CUST4032,24,46517,24076,645,254,Yes
CUST4033,19,133061,14491,341,270,No
CUST4034,23,38102,18747,579,158,Yes
CUST4035,40,60501,19295,769,275,Yes
CUST4036,53,110247,17822,382,46,No
CUST4037,23,112423,47679,640,229,No
CUST4038,56,137786,5598,332,188,Yes
CUST4039,56,88656,28738,433,100,No
CUST4040,68,139218,42727,310,154,Yes
CUST4041,38,37727,11681,319,142,Yes
CUST4042,73,76369,49454,609,142,Yes
CUST4043,42,139144,14673,689,355,No
CUST4044,18,147897,29677,504,196,Yes
CUST4045,36,120931,32991,781,145,No
CUST4046,44,39025,49528,689,146,Yes
CUST4047,42,106013,16024,697,230,Yes
CUST4048,67,142294,8691,336,39,No
CUST4049,23,94035,11294,576,284,No
CUST4050,64,140207,28303,684,119,No
CUST4051,75,40715,36055,643,285,Yes
CUST4052,53,61614,16772,675,197,Yes
CUST4053,75,28888,8438,824,45,No
CUST4054,33,93051,12690,734,255,No
CUST4055,54,89856,38779,716,320,Yes
CUST4056,51,144335,47604,650,329,No
CUST4057,28,114298,27183,435,123,Yes
CUST4058,61,35517,43888,654,242,No
CUST4059,42,44134,33430,567,294,Yes
CUST4060,28,61628,14736,497,66,Yes
CUST4061,26,130037,46089,800,19,No
CUST4062,35,135295,31476,588,340,No
CUST4063,37,39073,21056,573,345,Yes
CUST4064,35,115299,7227,385,354,No
CUST4065,49,23864,12785,760,176,Yes
CUST4066,27,120327,20784,386,135,No
CUST4067,22,61771,30994,626,341,Yes
CUST4068,28,135360,37022,821,317,Yes
CUST4069,45,147519,24837,416,75,Yes
CUST4070,35,74269,44069,323,87,No
CUST4071,44,145985,16304,431,286,No
CUST4072,37,73903,47781,409,245,Yes
CUST4073,48,59760,29600,548,269,Yes
CUST4074,68,78065,48957,376,274,Yes
CUST4075,22,117728,48156,481,350,Yes
CUST4076,41,142390,10872,682,142,Yes
CUST4077,34,127701,35387,366,287,Yes
CUST4078,33,137195,47618,457,209,Yes
CUST4079,64,103472,30041,542,330,Yes
CUST4080,58,142322,23036,389,302,Yes
CUST4081,49,116775,46440,377,308,Yes
CUST4082,56,55887,47807,309,229,Yes
CUST4083,57,39917,34171,313,312,No
CUST4084,30,122119,29072,649,282,Yes
CUST4085,47,44632,5760,372,275,Yes
CUST4086,24,33994,12864,459,91,No
CUST4087,26,37241,12643,771,318,No
CUST4088,37,44215,10415,638,43,Yes
CUST4089,18,23433,12998,408,168,Yes
CUST4090,43,119935,37061,424,173,No
CUST4091,39,149231,47035,357,258,No
CUST4092,71,100213,48829,442,308,No
CUST4093,57,100864,38406,504,80,No
CUST4094,42,54978,19741,383,257,Yes
CUST4095,69,99377,6509,490,65,Yes
CUST4096,73,94323,43459,393,152,Yes
CUST4097,39,100263,42550,393,242,No
CUST4098,46,50266,42527,303,360,Yes
CUST4099,39,98166,36424,743,82,Yes
CUST4100,45,50432,22938,538,141,No
CUST4101,70,50266,11196,515,204,Yes
CUST4102,70,110095,43854,351,131,Yes
CUST4103,73,23418,16868,381,30,No
CUST4104,59,67089,30163,696,57,No
CUST4105,56,30417,36731,628,318,No
CUST4106,26,110196,47244,842,288,No
CUST4107,37,122213,33420,497,207,No
CUST4108,38,82469,24553,787,141,No
CUST4109,56,37575,42448,502,101,No
CUST4110,62,85840,13207,807,149,Yes
CUST4111,30,130905,11516,490,79,Yes
CUST4112,48,99260,26314,780,116,No
CUST4113,38,81441,9161,594,297,No
CUST4114,29,113325,40226,362,344,No
CUST4115,43,105140,17116,753,127,No
CUST4116,38,69015,31563,489,315,No
CUST4117,36,44114,6294,819,242,Yes
CUST4118,65,131690,30807,306,95,Yes
CUST4119,62,70785,41441,381,278,Yes
CUST4120,58,84414,40154,480,132,Yes
CUST4121,49,82108,39739,502,133,Yes
CUST4122,54,38024,37018,569,302,No
CUST4123,68,41467,9189,447,64,No
CUST4124,33,45330,39006,493,89,No
CUST4125,38,49658,43320,426,69,Yes
CUST4126,42,24224,40322,377,342,No
CUST4127,35,73554,47709,492,349,No
CUST4128,70,120209,13132,491,293,No
CUST4129,68,146984,18596,629,267,No
CUST4130,43,21967,48160,533,27,No
CUST4131,41,141298,12689,466,212,Yes
CUST4132,25,55370,16840,704,92,Yes
CUST4133,54,144544,44262,603,302,No
CUST4134,30,74138,16792,722,119,Yes
CUST4135,55,49170,5348,818,100,Yes
CUST4136,52,117303,41354,592,276,No
CUST4137,29,107993,34309,523,275,No
CUST4138,61,149531,25597,736,37,Yes
CUST4139,67,46585,13063,556,307,No
CUST4140,53,119323,7565,653,297,No
CUST4141,19,46812,13442,546,120,No
CUST4142,64,28668,42688,843,97,Yes
CUST4143,47,43209,18515,307,86,Yes
CUST4144,63,141517,47771,557,74,No
CUST4145,31,145134,15565,588,34,Yes
CUST4146,46,149188,10755,465,71,No
CUST4147,69,77577,41863,366,19,Yes
CUST4148,36,133656,21827,363,106,No
CUST4149,71,100879,7294,364,129,No
CUST4150,62,84217,10545,805,101,Yes
CUST4151,22,110159,13173,652,13,No
CUST4152,70,62584,38170,361,20,Yes
CUST4153,72,133609,24567,740,44,No
CUST4154,68,79971,28826,381,279,No
CUST4155,68,136337,40679,756,209,Yes
CUST4156,44,52346,16246,312,248,No
CUST4157,61,76040,32725,390,234,No
CUST4158,49,73066,48133,626,206,Yes
CUST4159,26,121740,5005,670,70,Yes
CUST4160,58,25482,21275,367,35,Yes
CUST4161,37,99682,24700,568,27,No
CUST4162,33,116381,8025,626,272,Yes
CUST4163,34,128046,39042,761,335,No
CUST4164,60,69856,24228,666,317,No
CUST4165,27,114398,48198,791,355,Yes
CUST4166,63,61012,40002,679,297,Yes
CUST4167,45,71662,34158,811,358,No
CUST4168,68,100151,14165,607,258,Yes
CUST4169,42,143094,42818,800,209,Yes
CUST4170,22,117316,37141,620,74,Yes
CUST4171,46,94964,25508,494,17,No
CUST4172,56,97831,39253,533,292,Yes
CUST4173,48,90275,28076,474,54,Yes
CUST4174,55,88843,44726,343,163,No
CUST4175,43,104068,40272,661,108,No
CUST4176,52,134790,38462,719,202,Yes
CUST4177,50,112289,18752,776,208,No
CUST4178,73,123143,11488,772,59,No
CUST4179,62,25047,48425,632,159,Yes
CUST4180,44,88242,7931,712,43,No
CUST4181,52,34328,20538,774,132,No
CUST4182,20,79193,7407,775,295,Yes
CUST4183,68,79886,17325,763,160,No
CUST4184,41,128397,14284,456,175,Yes
CUST4185,62,135050,24641,445,344,Yes
CUST4186,75,25559,19104,694,136,No
CUST4187,69,135052,13795,729,340,No
CUST4188,52,52207,44462,325,55,Yes
CUST4189,56,87987,41180,442,313,Yes
CUST4190,58,90499,19158,624,273,Yes
CUST4191,23,71853,43783,690,36,No
CUST4192,24,148952,28531,452,259,No
CUST4193,67,116360,23179,709,153,No
CUST4194,33,25144,13420,674,227,No
CUST4195,60,93098,45783,314,293,Yes
CUST4196,60,70777,32657,744,340,No
CUST4197,40,87649,9873,476,82,No
CUST4198,28,120291,41034,454,111,No
CUST4199,59,102660,21709,488,173,Yes
CUST4200,57,146168,22083,522,170,Yes
CUST4201,20,26461,30020,397,221,No
CUST4202,54,44884,47583,316,313,No
CUST4203,59,58165,15703,700,173,Yes
CUST4204,61,77613,31218,783,358,No
CUST4205,59,72171,34888,453,62,No
CUST4206,43,135919,10456,577,29,Yes
CUST4207,66,59918,21657,645,13,Yes
CUST4208,39,121407,49336,502,113,No
CUST4209,68,128477,32875,322,20,No
CUST4210,45,57475,14387,809,246,No
CUST4211,24,80469,40121,701,218,No
CUST4212,18,41821,18353,462,105,Yes
CUST4213,24,75372,9624,610,13,No
CUST4214,34,58590,46259,584,201,No
CUST4215,32,100364,22655,533,154,No
CUST4216,50,140459,46492,494,180,Yes
CUST4217,65,27149,47308,798,313,Yes
CUST4218,51,110433,17624,811,206,Yes
CUST4219,53,87760,29388,743,236,No
CUST4220,55,138446,41938,745,50,No
CUST4221,62,38643,48077,463,181,No
CUST4222,54,80762,47452,799,22,No
CUST4223,32,128775,38516,361,35,No
CUST4224,46,104685,44645,661,235,Yes
CUST4225,41,79204,15750,408,233,No
CUST4226,43,31854,32504,368,354,No
CUST4227,47,114718,15059,631,211,Yes
CUST4228,67,85622,25732,788,228,Yes
CUST4229,61,34833,33418,596,149,Yes
CUST4230,55,43562,29834,444,59,No
CUST4231,62,122069,6698,540,49,No
CUST4232,50,96735,44558,831,18,Yes
CUST4233,27,142924,21220,806,343,No
CUST4234,40,137221,10080,521,213,Yes
CUST4235,19,111241,22702,726,201,Yes
CUST4236,48,91618,13167,802,165,Yes
CUST4237,24,37734,39830,313,56,Yes
CUST4238,36,71520,12208,615,58,Yes
CUST4239,44,74206,49825,462,127,Yes
CUST4240,23,62396,40937,646,156,No
CUST4241,25,79098,31658,618,12,No
CUST4242,71,23265,9322,739,240,No
CUST4243,64,43445,26584,424,289,Yes
CUST4244,27,79464,46954,432,177,Yes
CUST4245,40,97373,10831,842,63,Yes
CUST4246,37,137521,28777,588,216,Yes
CUST4247,39,113406,26857,649,326,No
CUST4248,47,137413,22907,682,314,Yes
CUST4249,68,46467,14589,431,149,Yes
CUST4250,31,135677,19795,678,328,Yes
CUST4251,51,79596,22933,784,252,No
CUST4252,48,31820,5646,364,33,No
CUST4253,40,52778,11419,318,279,No
CUST4254,48,62477,29717,757,326,Yes
CUST4255,24,110664,19563,678,19,Yes
CUST4256,46,105010,29814,727,200,Yes
CUST4257,64,138903,11881,552,299,No
CUST4258,62,113253,13093,514,111,Yes
CUST4259,46,124397,16516,634,232,Yes
CUST4260,38,41495,39503,539,226,No
CUST4261,22,114158,25090,620,292,No
CUST4262,37,116110,43589,787,115,No
CUST4263,20,36193,37087,587,162,Yes
CUST4264,69,31952,11261,648,295,No
CUST4265,63,34963,39665,639,84,Yes
CUST4266,25,112566,27865,499,205,No
CUST4267,19,78903,42496,430,285,No
CUST4268,72,103109,23480,629,302,Yes
CUST4269,39,67571,41145,534,301,Yes
CUST4270,59,31181,22763,542,330,Yes
CUST4271,24,88657,44810,555,219,No
CUST4272,61,112704,11492,800,93,Yes
CUST4273,69,70343,8143,781,210,Yes
CUST4274,28,115272,16190,319,322,Yes
CUST4275,65,123686,25840,620,247,Yes
CUST4276,33,147820,30530,823,19,Yes
CUST4277,51,87065,16840,397,282,Yes
CUST4278,29,100225,27621,693,131,Yes
CUST4279,53,144486,49421,451,288,No
CUST4280,28,40958,39844,629,233,Yes
CUST4281,39,69634,41154,383,297,Yes
CUST4282,53,92134,43968,841,296,No
CUST4283,45,69886,31388,802,278,Yes
CUST4284,47,25754,36251,773,337,Yes
CUST4285,32,120697,43817,572,301,Yes
CUST4286,69,42398,13360,368,72,No
CUST4287,43,139570,21977,760,253,No
CUST4288,58,63934,5622,698,282,Yes
CUST4289,29,94120,50000,497,350,Yes
CUST4290,29,134203,38657,582,340,No
CUST4291,58,106445,15190,446,260,No
CUST4292,60,133072,48094,672,326,Yes
CUST4293,45,39672,13281,360,49,Yes
CUST4294,43,41249,14350,785,198,Yes
CUST4295,19,133877,29825,552,27,No
CUST4296,65,38953,42195,528,201,No
CUST4297,57,43444,22522,303,314,No
CUST4298,74,120814,8464,635,231,Yes
CUST4299,30,113329,46890,664,104,No
CUST4300,46,26725,29258,794,197,No
CUST4301,55,74995,21325,449,244,No
CUST4302,45,60378,49447,579,51,Yes
CUST4303,42,60569,44891,627,303,No
CUST4304,18,115703,32410,796,244,Yes
CUST4305,63,120745,35001,621,205,No
CUST4306,31,145955,16999,849,23,No
CUST4307,31,78491,33767,504,316,No
CUST4308,35,57851,28199,492,133,Yes
CUST4309,66,102110,35714,423,76,Yes
CUST4310,63,43684,37914,602,23,Yes
CUST4311,69,35408,23797,362,56,Yes
CUST4312,68,137773,23076,499,79,Yes
CUST4313,22,37245,33034,836,232,Yes
CUST4314,54,145885,39117,816,195,No
CUST4315,24,46588,19992,589,244,No
CUST4316,69,20463,25000,554,335,Yes
CUST4317,73,101600,46656,685,279,Yes
CUST4318,52,120321,10697,733,307,Yes
CUST4319,29,53175,25031,311,298,Yes
CUST4320,41,21600,31641,605,107,No
CUST4321,38,80115,25495,567,206,Yes
CUST4322,30,85225,10907,509,19,Yes
CUST4323,47,132120,46594,447,166,No
CUST4324,25,85358,10208,603,52,No
CUST4325,34,91237,10026,325,295,No
CUST4326,60,125834,20731,329,14,No
CUST4327,73,20753,11136,731,304,Yes
CUST4328,49,99689,15820,380,200,Yes
CUST4329,51,135697,42703,677,83,Yes
CUST4330,58,84679,8762,776,49,No
CUST4331,38,51179,10543,451,248,Yes
CUST4332,56,48426,23733,757,196,No
CUST4333,42,97183,41317,691,183,No
CUST4334,57,106438,37299,460,273,No
CUST4335,43,82352,5700,754,172,No
CUST4336,55,79472,32786,621,72,Yes
CUST4337,25,73759,49370,410,247,No
CUST4338,40,77917,38337,580,261,Yes
CUST4339,40,30407,13940,766,245,Yes
CUST4340,72,98802,36434,582,160,No
CUST4341,47,98656,37624,502,58,Yes
CUST4342,57,20861,38751,764,355,Yes
CUST4343,29,52075,49900,591,82,No
CUST4344,70,135627,49353,466,261,Yes
CUST4345,61,91741,39891,431,163,No
CUST4346,63,56452,13171,630,209,No
CUST4347,69,101233,31572,317,320,Yes
CUST4348,37,102396,5910,426,106,No
CUST4349,57,93079,45388,353,50,Yes
CUST4350,55,127494,17463,634,61,No
CUST4351,23,128167,5477,788,289,Yes
CUST4352,61,47215,32851,677,356,Yes
CUST4353,26,26411,40017,445,342,No
CUST4354,38,44227,27613,622,294,No
CUST4355,25,39432,21005,684,86,Yes
CUST4356,33,27217,48330,326,155,Yes
CUST4357,37,105626,39610,744,59,No
CUST4358,25,65746,49831,631,323,No
CUST4359,29,24813,44924,705,315,Yes
CUST4360,41,39054,7775,482,218,No
CUST4361,62,131913,44804,634,82,No
CUST4362,27,24250,34402,335,235,No
CUST4363,50,107424,16044,589,148,Yes
CUST4364,42,95771,49205,631,102,No
CUST4365,44,129840,39309,340,95,No
CUST4366,56,99073,19750,823,84,No
CUST4367,26,59117,16456,357,320,Yes
CUST4368,54,63399,9923,435,256,No
CUST4369,42,140636,29055,808,183,Yes
CUST4370,45,31495,13737,365,274,No
CUST4371,29,26426,38664,369,312,Yes
CUST4372,49,34272,28153,443,50,Yes
CUST4373,58,74651,8336,455,242,Yes
CUST4374,52,43363,32703,404,39,Yes
CUST4375,62,41146,37473,835,147,No
CUST4376,59,108092,29844,467,199,Yes
CUST4377,29,57274,16172,540,148,No
CUST4378,53,100096,29463,394,79,No
CUST4379,28,106628,12420,668,65,No
CUST4380,49,110638,27148,665,295,No
CUST4381,36,111730,49503,646,189,Yes
CUST4382,26,97983,21368,383,360,No
CUST4383,29,95010,40331,722,162,No
CUST4384,38,123193,12724,651,202,No
CUST4385,71,93685,24009,371,260,No
CUST4386,46,43254,24606,804,35,No
CUST4387,57,146653,36662,710,175,Yes
CUST4388,21,79682,24237,363,234,Yes
CUST4389,73,118216,22350,837,270,Yes
CUST4390,40,95886,18963,726,76,No
CUST4391,18,67210,5146,705,13,No
CUST4392,49,142090,46364,458,307,Yes
CUST4393,26,24697,42279,391,84,No
CUST4394,30,32206,30796,512,76,No
CUST4395,70,120730,19251,759,199,Yes
CUST4396,42,59229,24976,462,266,No
CUST4397,53,62312,47137,418,12,No
CUST4398,50,68309,38785,567,306,Yes
CUST4399,59,137641,7321,532,21,No
CUST4400,49,69668,35346,545,37,Yes
CUST4401,44,127513,45484,357,44,Yes
CUST4402,61,28869,36999,324,335,No
CUST4403,49,119410,8768,353,216,No
CUST4404,44,76010,28314,530,124,No
CUST4405,63,130534,5386,790,187,Yes
CUST4406,71,92151,45339,343,221,Yes
CUST4407,46,28509,35169,343,152,Yes
CUST4408,49,58382,26531,524,39,Yes
CUST4409,28,81710,24552,538,247,No
CUST4410,23,37635,28192,456,99,No
CUST4411,54,35993,12023,440,120,Yes
CUST4412,19,111045,5337,812,81,Yes
CUST4413,68,132644,27919,627,154,Yes
CUST4414,66,55968,17200,630,252,Yes
CUST4415,32,63150,31349,696,102,Yes
CUST4416,36,89081,28234,705,269,Yes
CUST4417,20,74232,5580,319,95,No
CUST4418,35,88766,11641,822,298,No
CUST4419,32,47504,33233,596,324,No
CUST4420,52,111203,37246,804,179,Yes
CUST4421,36,47400,17946,324,155,No
CUST4422,28,100223,10553,724,14,Yes
CUST4423,67,27626,39674,369,41,Yes
CUST4424,47,34326,38706,341,57,Yes
CUST4425,54,94890,15073,504,260,Yes
CUST4426,65,115646,31916,336,278,No
CUST4427,67,148365,13116,513,345,No
CUST4428,67,102441,36943,535,276,Yes
CUST4429,49,89330,5452,803,105,Yes
CUST4430,53,149392,15199,307,94,Yes
CUST4431,50,31491,48033,657,146,No
CUST4432,25,83394,21392,382,243,No
CUST4433,54,114905,19817,676,135,No
CUST4434,25,110263,35847,821,58,Yes
CUST4435,35,99269,30910,468,81,Yes
CUST4436,67,142407,29530,706,226,No
CUST4437,52,123308,24613,517,49,No
CUST4438,70,149273,28887,455,211,No
CUST4439,41,112642,33071,849,289,No
CUST4440,52,57642,16939,307,203,Yes
CUST4441,70,75974,40155,588,15,Yes
CUST4442,66,99802,22660,572,258,Yes
CUST4443,20,131122,12123,683,45,Yes
CUST4444,66,61482,33742,823,42,No
CUST4445,64,54034,48009,697,191,No
CUST4446,46,88864,33793,463,299,Yes
CUST4447,52,95385,15605,506,340,No
CUST4448,31,101689,14166,562,42,No
CUST4449,45,66380,28182,642,58,Yes
CUST4450,24,141517,33440,500,71,No
CUST4451,65,37001,5380,634,306,Yes
CUST4452,71,100516,28542,566,202,No
CUST4453,59,93745,18006,702,12,Yes
CUST4454,66,85063,12252,422,324,Yes
CUST4455,33,88118,17423,592,103,No
CUST4456,37,115575,23671,762,249,No
CUST4457,73,102818,7638,329,67,No
CUST4458,20,85239,13760,756,348,No
CUST4459,46,84553,30856,824,56,No
CUST4460,34,125903,32594,715,173,No
CUST4461,40,43580,26706,509,107,No
CUST4462,73,135823,7071,489,230,Yes
CUST4463,70,99876,15506,415,53,No
CUST4464,23,50503,48660,342,34,No
CUST4465,46,112875,18041,696,197,No
CUST4466,73,58074,36411,409,128,No
CUST4467,25,148353,48597,510,237,No
CUST4468,67,45369,22419,504,39,Yes
CUST4469,69,20207,12785,605,303,Yes
CUST4470,33,35493,32596,519,81,Yes
CUST4471,31,23143,37051,610,114,No
CUST4472,69,80933,41052,669,34,Yes
CUST4473,65,101980,37477,774,28,Yes
CUST4474,55,124429,49678,355,248,No
CUST4475,62,35456,13351,535,48,Yes
CUST4476,40,116661,26291,558,232,Yes
CUST4477,73,131158,31206,522,315,Yes
CUST4478,63,47175,37889,823,172,Yes
CUST4479,57,124800,30483,324,360,No
CUST4480,58,100649,13612,617,19,Yes
CUST4481,45,74346,12191,312,14,No
CUST4482,28,74269,12069,521,259,No
CUST4483,57,25962,6386,485,143,Yes
CUST4484,26,63750,13265,641,346,Yes
CUST4485,68,65829,15193,511,56,Yes
CUST4486,31,93454,27552,811,270,No
CUST4487,70,125649,37768,697,305,No
CUST4488,31,103558,5894,635,171,No
CUST4489,69,47831,49855,768,299,No
CUST4490,21,21480,20499,700,179,No
CUST4491,54,103967,8410,469,162,No
CUST4492,40,46370,49453,803,128,No
CUST4493,52,110441,27422,791,342,No
CUST4494,35,56913,33158,592,84,No
CUST4495,56,53347,44130,554,302,No
CUST4496,52,123572,5526,379,279,No
CUST4497,28,28891,33464,409,251,No
CUST4498,38,60340,36469,300,223,No
CUST4499,63,59358,23970,331,315,No
CUST4500,36,86412,23495,351,296,No
CUST4501,36,92088,36845,311,305,Yes
CUST4502,54,62457,10414,580,121,Yes
CUST4503,35,120536,33111,300,223,No
CUST4504,72,20803,21236,610,188,No
CUST4505,50,34920,45475,755,79,No
CUST4506,75,109893,14993,690,316,No
CUST4507,61,63684,38504,463,143,Yes
CUST4508,70,64742,17246,399,154,Yes
CUST4509,24,71910,21349,354,253,Yes
CUST4510,26,114948,23424,676,71,No
CUST4511,66,94569,12537,520,223,No
CUST4512,68,100739,22270,495,57,No
CUST4513,44,145843,21210,733,331,No
CUST4514,21,23816,48668,681,275,Yes
CUST4515,35,129057,33125,377,84,No
CUST4516,73,43020,18003,586,254,Yes
CUST4517,59,45430,36057,727,115,No
CUST4518,26,63321,11754,322,171,Yes
CUST4519,62,129291,37920,604,287,No
CUST4520,73,64294,45049,335,54,No
CUST4521,26,140885,16874,422,121,No
CUST4522,33,108142,17364,609,48,No
CUST4523,27,82797,43744,445,30,No
CUST4524,63,140083,46216,569,144,Yes
CUST4525,38,82193,46581,767,182,Yes
CUST4526,71,124497,14746,509,35,Yes
CUST4527,33,24660,20032,423,90,No
CUST4528,66,104626,12894,331,192,No
CUST4529,71,37793,13670,787,299,No
CUST4530,61,83110,31298,478,351,Yes
CUST4531,43,40366,7514,314,324,No
CUST4532,49,102208,22947,415,218,No
CUST4533,27,80374,17594,388,125,Yes
CUST4534,54,136923,14581,540,105,Yes
CUST4535,58,133406,32938,766,47,Yes
CUST4536,35,90381,6157,579,251,Yes
CUST4537,58,137431,45400,576,163,No
CUST4538,44,63923,18083,323,121,No
CUST4539,42,80616,10959,791,196,Yes
CUST4540,46,122759,8339,364,236,Yes
CUST4541,22,126714,29926,456,143,No
CUST4542,58,74257,31692,520,280,No
CUST4543,68,141607,39404,366,135,Yes
CUST4544,74,117332,25083,707,184,Yes
CUST4545,67,27342,46504,686,89,No
CUST4546,23,129458,20166,330,227,Yes
CUST4547,43,88298,19534,338,283,Yes
CUST4548,50,59235,27031,809,42,No
CUST4549,65,94048,32923,742,219,Yes
CUST4550,35,115022,36404,776,151,Yes
CUST4551,62,108892,9020,722,291,No
CUST4552,74,61353,38414,479,234,No
CUST4553,41,92768,32988,313,31,Yes
CUST4554,47,90239,47196,345,231,Yes
CUST4555,49,22453,8385,364,241,No
CUST4556,38,47297,24941,587,111,Yes
CUST4557,55,95680,12212,588,313,Yes
CUST4558,18,109848,22645,790,292,Yes
CUST4559,73,63479,28827,507,124,No
CUST4560,67,124796,23386,573,140,Yes
CUST4561,72,140086,28004,324,165,Yes
CUST4562,64,136395,32398,578,289,Yes
CUST4563,23,124304,21185,492,269,No
CUST4564,64,66346,25961,540,111,Yes
CUST4565,47,28678,8116,758,292,Yes
CUST4566,58,147089,16911,301,167,No
CUST4567,60,39569,7679,345,102,Yes
CUST4568,62,56760,5035,745,174,No
CUST4569,40,130197,8416,800,128,Yes
CUST4570,72,24085,48281,537,207,No
CUST4571,22,64453,26078,348,334,No
CUST4572,68,148924,18892,593,164,No
CUST4573,52,69183,23698,672,219,Yes
CUST4574,43,102118,35936,390,82,No
CUST4575,31,90028,23360,676,288,No
CUST4576,45,130415,44749,767,36,Yes
CUST4577,70,41753,11603,783,181,No
CUST4578,31,94839,33239,467,183,Yes
CUST4579,49,99388,17113,682,39,Yes
CUST4580,35,71061,21532,680,240,No
CUST4581,38,44560,37196,449,239,No
CUST4582,71,98012,28827,628,153,No
CUST4583,36,35315,26907,655,37,Yes
CUST4584,39,133324,24946,716,213,No
CUST4585,53,122543,12309,478,196,No
CUST4586,54,118505,11349,711,241,Yes
CUST4587,26,60407,48840,681,329,No
CUST4588,54,112440,5895,778,183,Yes
CUST4589,72,132436,49758,655,192,No
CUST4590,49,61222,41160,599,52,No
CUST4591,68,113040,13539,451,198,No
CUST4592,39,24145,26706,806,215,No
CUST4593,75,55585,28630,717,93,Yes
CUST4594,61,74246,28683,668,117,No
CUST4595,66,31376,43594,742,301,No
CUST4596,21,85149,39659,388,105,Yes
CUST4597,20,134956,44630,559,16,No
CUST4598,24,51148,29352,440,316,Yes
CUST4599,58,68704,20614,640,29,No
CUST4600,68,79232,47614,667,288,Yes
CUST4601,71,128718,23084,777,182,Yes
CUST4602,47,144613,18764,761,178,No
CUST4603,19,59666,43294,468,66,Yes
CUST4604,25,48329,30169,343,33,Yes
CUST4605,72,88825,10716,651,264,No
CUST4606,28,59625,11970,818,334,No
CUST4607,46,42939,13551,448,170,Yes
CUST4608,47,34710,46258,649,26,Yes
CUST4609,18,69049,44441,463,353,Yes
CUST4610,45,122884,12887,442,319,Yes
CUST4611,30,24901,7689,510,64,No
CUST4612,62,121946,43440,705,131,Yes
CUST4613,26,46489,47883,383,63,No
CUST4614,74,139715,17480,729,54,No
CUST4615,59,32137,17643,414,63,Yes
CUST4616,37,78166,34213,813,248,No
CUST4617,28,86321,11464,342,271,Yes
CUST4618,73,23268,9907,832,210,No
CUST4619,74,124729,40820,406,60,Yes
CUST4620,35,83263,45567,304,319,Yes
CUST4621,23,138614,27472,560,21,Yes
CUST4622,59,85543,24757,468,84,Yes
CUST4623,41,40195,36077,532,180,No
CUST4624,34,44931,18238,642,163,No
CUST4625,23,64579,39967,800,239,No
CUST4626,41,141062,15071,419,211,No
CUST4627,60,83369,7871,633,39,No
CUST4628,75,116002,13377,682,102,No
CUST4629,59,134541,17563,704,98,No
CUST4630,28,88632,32407,835,336,No
CUST4631,21,60679,41077,702,24,Yes
CUST4632,43,121650,21549,524,219,No
CUST4633,58,62904,41722,659,329,Yes
CUST4634,37,38781,27763,717,201,No
CUST4635,64,120857,28986,408,131,No
CUST4636,62,134268,34391,531,173,Yes
CUST4637,66,32878,46278,764,149,Yes
CUST4638,32,127759,12695,459,54,Yes
CUST4639,45,148748,33581,492,102,Yes
CUST4640,59,142948,9437,300,12,No
CUST4641,23,87652,36642,816,54,No
CUST4642,63,108698,32459,410,353,No
CUST4643,24,37395,39325,807,81,Yes
CUST4644,18,46894,38021,447,105,No
CUST4645,31,114970,6433,373,236,Yes
CUST4646,48,24791,15940,613,172,Yes
CUST4647,22,80210,44266,547,301,Yes
CUST4648,26,70801,22966,715,194,Yes
CUST4649,55,113543,13449,610,42,No
CUST4650,32,133352,23982,514,17,Yes
CUST4651,51,88464,7978,398,92,No
CUST4652,61,35182,42104,495,225,No
CUST4653,46,20538,8984,324,37,No
CUST4654,18,60760,17464,316,52,Yes
CUST4655,18,142203,31050,331,175,No
CUST4656,62,25771,37442,602,68,No
CUST4657,39,110053,49872,423,184,No
CUST4658,70,131165,39895,512,121,No
CUST4659,25,97894,38651,490,105,Yes
CUST4660,73,134278,9914,373,189,Yes
CUST4661,45,31413,15847,368,347,No
CUST4662,62,63684,33688,559,313,Yes
CUST4663,26,81194,38376,763,144,Yes
CUST4664,48,136547,30175,421,237,No
CUST4665,22,26047,41863,732,336,No
CUST4666,32,33513,30575,666,328,Yes
CUST4667,42,88233,31270,712,185,Yes
CUST4668,23,120424,44794,310,28,Yes
CUST4669,64,106374,22792,607,236,No
CUST4670,69,117721,18561,651,156,Yes
CUST4671,24,60957,17062,697,34,Yes
CUST4672,24,22946,5235,683,264,No
CUST4673,38,95701,15485,513,63,Yes
CUST4674,41,119417,42479,611,238,No
CUST4675,74,60913,19274,738,109,Yes
CUST4676,37,103735,43804,789,78,No
CUST4677,26,136933,5580,342,249,No
CUST4678,42,47504,38606,803,316,No
CUST4679,67,62058,34847,332,293,No
CUST4680,70,46287,38018,811,37,No
CUST4681,66,45237,39411,627,193,Yes
CUST4682,73,57560,21962,659,314,No
CUST4683,26,56261,24884,331,357,Yes
CUST4684,59,89766,19439,561,199,Yes
CUST4685,61,61831,24422,784,341,Yes
CUST4686,27,121290,22597,692,26,No
CUST4687,22,77817,41185,400,130,Yes
CUST4688,51,107965,12805,732,353,Yes
CUST4689,54,35420,16213,659,45,No
CUST4690,18,55737,19675,802,36,Yes
CUST4691,57,39571,7989,327,16,No
CUST4692,59,40643,39967,689,213,Yes
CUST4693,28,55866,20611,339,159,Yes
CUST4694,46,35002,24126,799,358,Yes
CUST4695,40,21999,7561,388,330,Yes
CUST4696,64,145606,46917,786,122,No
CUST4697,31,101650,14708,558,167,Yes
CUST4698,58,93351,23203,394,18,Yes
CUST4699,65,87378,13714,384,116,No
CUST4700,27,33418,22723,551,308,No
CUST4701,44,47076,8376,396,72,No
CUST4702,57,91110,47101,765,13,No
CUST4703,61,65916,21318,688,154,Yes
CUST4704,46,92006,18760,645,190,No
CUST4705,73,61744,40035,547,76,No
CUST4706,31,55527,12614,780,28,No
CUST4707,23,38554,5091,335,121,No
CUST4708,75,143637,47509,630,231,No
CUST4709,24,112321,27771,617,35,Yes
CUST4710,26,125382,46463,762,271,No
CUST4711,66,57128,44659,521,325,No
CUST4712,25,95246,29190,720,157,No
CUST4713,55,52089,26270,397,44,No
CUST4714,64,42449,10455,310,48,No
CUST4715,42,29337,40997,431,289,Yes
CUST4716,40,60812,22304,328,165,Yes
CUST4717,45,100381,13756,818,332,Yes
CUST4718,38,136948,31761,755,326,No
CUST4719,68,64399,45074,370,60,Yes
CUST4720,26,90854,24326,814,125,No
CUST4721,33,78149,26275,485,346,Yes
CUST4722,35,26648,8752,774,184,No
CUST4723,59,37049,46022,581,327,Yes
CUST4724,23,23800,5682,697,327,No
CUST4725,33,81700,28296,848,101,No
CUST4726,53,138396,19370,349,291,Yes
CUST4727,56,108538,23329,559,195,No
CUST4728,56,26613,16582,420,189,No
CUST4729,64,33884,21776,829,136,No
CUST4730,56,70279,6024,802,203,Yes
CUST4731,36,27051,40218,478,302,No
CUST4732,67,31287,48077,762,186,Yes
CUST4733,62,75897,43224,600,87,No
CUST4734,19,71369,11975,466,35,No
CUST4735,72,43459,30033,340,197,No
CUST4736,72,112363,47849,597,210,Yes
CUST4737,60,98134,21865,639,48,Yes
CUST4738,74,136821,46040,736,29,Yes
CUST4739,37,97693,46569,412,42,Yes
CUST4740,31,102505,44606,458,220,No
CUST4741,51,129599,41102,378,261,No
CUST4742,56,110456,18510,503,303,Yes
CUST4743,50,111667,33979,793,307,Yes
CUST4744,30,78436,19459,797,18,Yes
CUST4745,65,100781,26250,555,341,No
CUST4746,43,66612,22615,305,21,Yes
CUST4747,36,60952,18364,696,215,Yes
CUST4748,59,63559,43119,480,304,Yes
CUST4749,21,127143,46274,685,231,Yes
CUST4750,68,45971,30917,344,292,No
CUST4751,75,113441,15200,609,42,Yes
CUST4752,68,119405,34232,487,49,Yes
CUST4753,33,107932,20186,528,291,Yes
CUST4754,49,126076,33436,648,210,No
CUST4755,42,89924,29159,805,236,Yes
CUST4756,25,30295,14721,534,256,Yes
CUST4757,33,147622,36392,755,146,Yes
CUST4758,49,140951,11140,418,34,No
CUST4759,58,119056,37503,403,135,Yes
CUST4760,56,120195,16895,468,257,No
CUST4761,22,81039,35106,442,268,No
CUST4762,51,94421,17125,435,148,Yes
CUST4763,74,37274,16541,324,360,Yes
CUST4764,18,32178,17377,748,76,Yes
CUST4765,41,126542,42333,808,123,No
CUST4766,38,125165,37146,675,351,Yes
CUST4767,26,140545,16823,740,111,Yes
CUST4768,42,111566,47438,321,303,No
CUST4769,73,81377,23484,837,159,Yes
CUST4770,71,32748,6379,677,169,Yes
CUST4771,54,79714,25326,408,309,No
CUST4772,44,60683,15677,728,203,Yes
CUST4773,41,109715,16647,785,127,Yes
CUST4774,52,104465,30834,334,22,No
CUST4775,61,113089,44834,585,13,No
CUST4776,29,120465,17310,746,213,No
CUST4777,66,81000,9551,732,263,No
CUST4778,48,81675,14405,368,246,Yes
CUST4779,67,50368,9721,366,205,Yes
CUST4780,22,144183,32944,389,92,No
CUST4781,19,49333,21072,569,183,Yes
CUST4782,55,38837,34820,666,179,No
CUST4783,22,132865,47278,786,16,No
CUST4784,18,137401,31378,710,123,No
CUST4785,34,100863,11568,819,94,No
CUST4786,31,53823,39522,549,336,No
CUST4787,20,139650,13997,440,190,Yes
CUST4788,21,67638,5772,423,17,Yes
CUST4789,68,71390,44537,324,49,No
CUST4790,43,44032,11535,465,264,No
CUST4791,50,111699,29764,388,120,No
CUST4792,36,140227,30165,491,206,Yes
CUST4793,58,107186,6357,501,172,No
CUST4794,63,63296,12211,756,142,No
CUST4795,50,123386,5888,682,78,Yes
CUST4796,67,132825,47236,569,212,Yes
CUST4797,44,135658,7866,789,106,Yes
CUST4798,45,62567,13662,368,158,Yes
CUST4799,62,79412,21275,489,66,Yes
CUST4800,43,83898,10478,723,247,No
CUST4801,23,23966,22541,418,287,No
CUST4802,58,28567,14347,340,142,No
CUST4803,52,82303,46116,537,106,Yes
CUST4804,52,34796,44297,507,310,No
CUST4805,57,66064,5884,450,43,No
CUST4806,27,82737,5615,607,333,Yes
CUST4807,35,80455,11969,436,107,No
CUST4808,23,130856,40544,700,350,Yes
CUST4809,37,42387,27176,311,305,Yes
CUST4810,23,56996,10568,680,88,No
CUST4811,50,120655,18259,361,124,Yes
CUST4812,31,65693,14124,822,125,No
CUST4813,69,99225,36485,312,169,No
CUST4814,27,95324,41887,415,181,No
CUST4815,52,36697,34119,837,60,Yes
CUST4816,38,86577,15691,572,47,No
CUST4817,43,33491,25144,843,19,No
CUST4818,55,73174,26741,309,28,Yes
CUST4819,58,127158,36385,610,304,Yes
CUST4820,66,113621,15126,440,32,Yes
CUST4821,71,124432,20978,627,341,No
CUST4822,59,34022,8661,549,227,Yes
CUST4823,61,62712,40620,791,358,No
CUST4824,59,92895,22528,518,35,No
CUST4825,22,105124,46122,493,194,Yes
CUST4826,37,29296,40626,786,137,Yes
CUST4827,62,123865,13065,789,14,Yes
CUST4828,45,59599,6389,790,338,Yes
CUST4829,64,89828,7918,519,288,No
CUST4830,72,80420,11738,401,296,Yes
CUST4831,33,72535,40693,476,223,Yes
CUST4832,21,97402,24447,697,273,No
CUST4833,33,74190,11721,372,141,No
CUST4834,23,51270,38524,449,136,Yes
CUST4835,45,101379,32216,430,19,No
CUST4836,25,51941,14295,822,89,No
CUST4837,47,91820,5079,448,71,Yes
CUST4838,57,40843,19700,369,57,Yes
CUST4839,56,147649,6572,789,208,No
CUST4840,21,83225,19855,825,213,No
CUST4841,37,70307,32992,374,239,No
CUST4842,60,28658,30256,468,124,Yes
CUST4843,65,64658,14658,552,81,Yes
CUST4844,60,47294,28154,723,327,Yes
CUST4845,65,126681,47949,670,15,No
CUST4846,29,110971,23798,530,156,No
CUST4847,25,97459,19803,568,359,No
CUST4848,18,76511,49853,716,183,No
CUST4849,63,122801,30214,361,245,No
CUST4850,26,148477,12366,742,183,No
CUST4851,62,77062,37231,343,300,No
CUST4852,18,94345,16112,628,296,No
CUST4853,28,123196,12217,704,290,No
CUST4854,49,64852,19714,328,242,Yes
CUST4855,40,91372,11667,497,177,Yes
CUST4856,51,110981,23468,682,301,No
CUST4857,51,50953,28416,700,107,No
CUST4858,68,42686,9999,760,56,No
CUST4859,70,106849,45350,530,99,Yes
CUST4860,64,107766,26870,430,315,Yes
CUST4861,34,30209,12756,790,315,No
CUST4862,28,116910,28625,821,228,Yes
CUST4863,41,142010,10557,716,171,Yes
CUST4864,26,113311,7840,461,97,No
CUST4865,65,95260,44616,547,214,No
CUST4866,67,129674,14902,833,35,Yes
CUST4867,73,83783,16669,594,130,No
CUST4868,35,34984,33090,809,135,Yes
CUST4869,64,97616,39765,376,226,Yes
CUST4870,74,98128,26944,743,355,No
CUST4871,25,80674,44296,331,103,No
CUST4872,67,62647,16885,727,16,No
CUST4873,75,92756,49527,367,84,No
CUST4874,19,32799,32868,386,246,Yes
CUST4875,39,127744,14844,449,201,Yes
CUST4876,69,78355,48730,340,193,No
CUST4877,45,43091,24763,678,278,Yes
CUST4878,35,60374,45944,584,107,Yes
CUST4879,51,145289,23809,702,51,No
CUST4880,22,73188,27831,587,142,Yes
CUST4881,34,29123,11810,775,248,Yes
CUST4882,63,98415,22766,649,249,Yes
CUST4883,54,34253,37718,610,24,Yes
CUST4884,58,109850,48367,848,317,No
CUST4885,22,126701,29190,634,76,No
CUST4886,49,98172,22393,615,12,No
CUST4887,47,121101,10004,781,239,Yes
CUST4888,50,127461,5142,823,70,Yes
CUST4889,41,69664,14741,799,58,Yes
CUST4890,21,62914,47982,695,188,Yes
CUST4891,49,84788,14606,440,94,No
CUST4892,72,104540,25988,780,127,Yes
CUST4893,54,106529,14684,645,293,No
CUST4894,28,28058,30598,393,15,No
CUST4895,41,31866,34274,801,104,Yes
CUST4896,28,48522,36354,650,108,No
CUST4897,34,127090,9411,845,232,No
CUST4898,67,38208,12416,829,98,Yes
CUST4899,24,136295,42869,364,62,No
CUST4900,75,96122,33013,557,343,No
CUST4901,54,138391,23250,574,323,Yes
CUST4902,61,118957,14480,577,350,No
CUST4903,64,103379,10927,595,99,Yes
CUST4904,25,126147,26171,825,46,No
CUST4905,32,20024,13358,533,192,No
CUST4906,65,119231,16919,620,280,No
CUST4907,50,39231,30232,631,75,No
CUST4908,18,106623,28108,545,279,No
CUST4909,20,39558,25926,495,305,No
CUST4910,72,79372,37388,656,262,Yes
CUST4911,73,89632,32776,613,14,Yes
CUST4912,18,58207,36541,496,199,No
CUST4913,33,71115,32128,643,301,No
CUST4914,20,100684,44435,830,60,No
CUST4915,48,95750,46720,721,234,Yes
CUST4916,41,78610,26853,585,66,No
CUST4917,42,45646,14058,570,69,No
CUST4918,27,46956,47857,734,269,Yes
CUST4919,29,109327,21115,492,235,No
CUST4920,72,135005,30112,442,120,Yes
CUST4921,20,61497,32437,602,286,No
CUST4922,53,59286,41001,494,202,Yes
CUST4923,69,94747,37578,670,182,No
CUST4924,63,124116,40307,628,293,Yes
CUST4925,65,139695,39981,509,293,Yes
CUST4926,59,109071,37283,773,53,Yes
CUST4927,44,59917,39896,832,313,Yes
CUST4928,32,140389,40141,477,172,Yes
CUST4929,38,143644,20080,420,303,No
CUST4930,33,142772,30206,598,249,Yes
CUST4931,44,76980,10479,552,252,No
CUST4932,64,114082,43074,510,97,Yes
CUST4933,38,148788,32645,645,60,Yes
CUST4934,35,139946,39533,487,207,No
CUST4935,70,65123,42871,808,296,No
CUST4936,22,149799,19374,683,276,No
CUST4937,54,31703,10718,551,34,No
CUST4938,41,96379,20413,701,37,Yes
CUST4939,25,21064,28704,795,185,No
CUST4940,50,100149,5187,577,133,Yes
CUST4941,61,149292,18322,770,257,No
CUST4942,75,86902,6124,850,285,No
CUST4943,21,72978,28750,649,321,No
CUST4944,29,131101,41593,449,122,Yes
CUST4945,32,36718,36059,560,46,Yes
CUST4946,69,131739,13755,373,292,Yes
CUST4947,51,58559,12219,558,204,No
CUST4948,20,28180,8904,427,323,No
CUST4949,43,68394,27894,685,91,Yes
CUST4950,22,138105,28649,702,272,Yes
CUST4951,74,91943,14132,303,309,Yes
CUST4952,47,146864,24313,368,257,Yes
CUST4953,73,26963,35172,493,100,No
CUST4954,36,20110,14446,560,272,No
CUST4955,67,112190,41143,806,153,Yes
CUST4956,72,93404,32595,765,181,No
CUST4957,37,127577,20892,583,171,Yes
CUST4958,38,148279,18810,823,39,Yes
CUST4959,23,67086,19718,730,348,Yes
CUST4960,53,34378,8661,503,61,No
CUST4961,47,132885,14030,572,275,No
CUST4962,18,56989,12683,352,82,No
CUST4963,41,133466,14376,737,98,No
CUST4964,30,24087,29737,801,256,Yes
CUST4965,36,50833,6726,410,95,No
CUST4966,54,76585,32833,787,12,No
CUST4967,68,112041,29358,747,39,No
CUST4968,37,97353,8544,696,102,No
CUST4969,65,71677,11947,620,294,Yes
CUST4970,57,101948,48433,422,121,Yes
CUST4971,33,61697,43116,443,326,Yes
CUST4972,47,113293,9834,485,162,No
CUST4973,41,70173,36249,425,286,No
CUST4974,55,73219,43923,670,77,Yes
CUST4975,49,70012,15366,355,332,No
CUST4976,67,77041,6978,342,129,Yes
CUST4977,67,91449,14626,371,81,Yes
CUST4978,30,47684,28936,584,351,Yes
CUST4979,64,106833,14258,410,91,Yes
CUST4980,75,42729,10176,848,42,Yes
CUST4981,52,82242,21059,574,141,Yes
CUST4982,66,38228,10050,430,57,No
CUST4983,68,44671,5817,398,154,Yes
CUST4984,33,92800,42301,733,154,Yes
CUST4985,27,70409,32295,509,261,Yes
CUST4986,18,130536,14811,340,154,No
CUST4987,44,141173,16955,361,347,No
CUST4988,19,67223,35786,310,120,Yes
CUST4989,32,130095,14182,414,79,No
CUST4990,52,74687,39566,645,280,No
CUST4991,40,40220,24628,583,68,No
CUST4992,58,57810,35814,591,45,Yes
CUST4993,71,134391,31969,740,227,Yes
CUST4994,62,107826,27107,546,196,No
CUST4995,74,36455,34096,536,307,No
CUST4996,18,37600,47260,525,320,Yes
CUST4997,39,21520,5865,573,112,No
CUST4998,18,29403,23793,662,17,Yes
CUST4999,66,104985,12291,542,356,No
CUST5000,60,22058,15216,455,76,No
